ds,WIND_SPEED_IN_KPH,CLOUD_COVER_IN_PERCENT,HUMIDITY_IN_PERCENT,RAIN_IN_MM,RAIN_PROB_IN_PERCENT,TEMPERATURE_IN_DEGC,HEAT_INDEX_IN_DEGC,WIND_GUST_IN_KPH
2023-01-01 00:00:00,2,75,84,0,0,26,26,7
2023-01-01 01:00:00,4,75,84,0,0,26,26,5
2023-01-01 02:00:00,4,75,84,0,0,26,26,12
2023-01-01 03:00:00,2,44,89,0,0,25,25,12
2023-01-01 04:00:00,5,75,84,0,0,26,26,13
2023-01-01 05:00:00,4,60,84,0,0,26,26,12
2023-01-01 06:00:00,4,44,84,0,0,26,26,11
2023-01-01 07:00:00,0,75,84,0,0,26,26,11
2023-01-01 08:00:00,4,75,84,0,0,26,26,14
2023-01-01 09:00:00,5,75,70,0,0,28,31,16
2023-01-01 10:00:00,9,30,77,0,0,28,32,20
2023-01-01 11:00:00,8,34,76,0,0,28,32,20
2023-01-01 12:00:00,8,37,75,0,0,29,33,20
2023-01-01 13:00:00,7,51,74,0,0,29,33,16
2023-01-01 14:00:00,4,72,77,0,0,28,32,14
2023-01-01 15:00:00,5,41,75,0,0,28,32,11
2023-01-01 16:00:00,5,41,75,0,0,28,32,12
2023-01-01 17:00:00,5,41,74,0,0,28,32,12
2023-01-01 18:00:00,5,41,74,0,0,29,32,13
2023-01-01 19:00:00,5,42,73,0,0,29,32,14
2023-01-01 20:00:00,5,42,73,0,0,29,33,15
2023-01-01 21:00:00,5,42,73,0,0,29,33,15
2023-01-01 22:00:00,5,42,72,0,0,29,33,16
2023-01-01 23:00:00,5,42,72,0,0,29,33,17
2023-01-02 00:00:00,5,42,71,0,0,29,33,18
2023-01-02 01:00:00,5,42,71,0,0,29,33,18
2023-01-02 02:00:00,5,42,71,0,0,29,33,19
2023-01-02 03:00:00,5,43,70,0,0,29,33,20
2023-01-02 04:00:00,5,43,70,0,0,29,33,21
2023-01-02 05:00:00,5,43,70,0,0,29,33,21
2023-01-02 06:00:00,5,43,69,0,0,29,33,22
2023-01-02 07:00:00,5,43,69,0,0,29,34,23
2023-01-02 08:00:00,5,43,68,0,0,30,34,24
2023-01-02 09:00:00,5,43,68,0,0,30,34,24
2023-01-02 10:00:00,5,43,68,0,0,30,34,25
2023-01-02 11:00:00,5,44,67,0,0,30,34,26
2023-01-02 12:00:00,5,44,67,0,0,30,34,27
2023-01-02 13:00:00,5,44,66,0,0,30,34,27
2023-01-02 14:00:00,5,44,66,0,0,30,34,28
2023-01-02 15:00:00,9,75,59,0,0,31,35,27
2023-01-02 16:00:00,15,44,59,0,0,31,35,26
2023-01-02 17:00:00,11,75,66,0,0,30,34,23
2023-01-02 18:00:00,9,75,70,0,5,29,33,23
2023-01-02 19:00:00,9,75,70,0,0,29,33,23
2023-01-02 20:00:00,5,75,79,0,5,28,32,19
2023-01-02 21:00:00,5,75,74,0,0,28,31,17
2023-01-02 22:00:00,4,44,89,0,5,26,26,14
2023-01-02 23:00:00,0,44,84,0,5,26,26,12
2023-01-03 00:00:00,4,44,89,2,5,26,26,10
2023-01-03 01:00:00,2,75,89,7,5,26,26,11
2023-01-03 02:00:00,2,75,89,0,5,26,26,13
2023-01-03 03:00:00,4,75,94,0,5,25,25,11
2023-01-03 04:00:00,4,75,94,0,0,25,25,14
2023-01-03 05:00:00,4,75,94,0,0,25,25,12
2023-01-03 06:00:00,8,100,94,0,0,25,25,13
2023-01-03 07:00:00,5,100,94,0,0,25,25,20
2023-01-03 08:00:00,6,88,92,0,0,25,25,22
2023-01-03 09:00:00,8,75,89,0,0,25,25,23
2023-01-03 10:00:00,9,75,94,0,5,25,25,31
2023-01-03 11:00:00,8,75,84,0,0,27,30,29
2023-01-03 12:00:00,5,75,79,0,0,28,32,28
2023-01-03 13:00:00,5,75,79,0,0,28,32,27
2023-01-03 14:00:00,19,69,75,2,5,28,30,33
2023-01-03 15:00:00,19,93,74,0,5,27,29,36
2023-01-03 16:00:00,11,100,79,0,5,28,32,26
2023-01-03 17:00:00,2,100,89,0,5,26,26,22
2023-01-03 18:00:00,5,100,89,6,5,26,26,24
2023-01-03 19:00:00,5,100,89,0,0,26,26,19
2023-01-03 20:00:00,4,100,89,0,0,26,26,18
2023-01-03 21:00:00,4,100,94,0,5,25,25,14
2023-01-03 22:00:00,4,75,94,2,5,25,25,13
2023-01-03 23:00:00,8,75,79,2,5,26,26,14
2023-01-04 00:00:00,4,75,84,3,5,26,26,14
2023-01-04 01:00:00,5,44,89,1,5,25,25,16
2023-01-04 02:00:00,4,44,83,0,5,25,25,12
2023-01-04 03:00:00,0,75,83,0,5,25,25,13
2023-01-04 04:00:00,0,75,83,0,0,25,25,13
2023-01-04 05:00:00,8,75,83,0,5,25,25,13
2023-01-04 06:00:00,5,75,83,0,0,25,25,14
2023-01-04 07:00:00,7,75,78,0,2,26,26,16
2023-01-04 08:00:00,9,75,74,1,5,26,26,18
2023-01-04 09:00:00,9,75,70,0,5,27,29,20
2023-01-04 10:00:00,12,82,70,0,5,27,29,22
2023-01-04 11:00:00,14,88,70,0,5,28,30,25
2023-01-04 12:00:00,17,75,66,0,5,29,32,28
2023-01-04 13:00:00,9,75,62,0,0,29,31,27
2023-01-04 14:00:00,9,75,66,0,5,29,32,31
2023-01-04 15:00:00,8,75,70,0,0,28,31,29
2023-01-04 16:00:00,18,75,66,0,5,28,30,21
2023-01-04 17:00:00,15,75,66,0,5,28,30,22
2023-01-04 18:00:00,8,75,84,0,0,26,26,21
2023-01-04 19:00:00,0,100,89,0,5,25,25,18
2023-01-04 20:00:00,4,100,89,0,5,25,25,20
2023-01-04 21:00:00,5,100,94,0,0,24,24,14
2023-01-04 22:00:00,6,88,94,6,2,24,24,16
2023-01-04 23:00:00,8,75,94,11,5,24,24,19
2023-01-05 00:00:00,9,75,89,0,5,25,25,28
2023-01-05 01:00:00,8,75,83,10,5,25,25,16
2023-01-05 02:00:00,4,100,94,14,5,24,24,13
2023-01-05 03:00:00,4,100,83,6,5,25,25,12
2023-01-05 04:00:00,5,100,94,1,5,24,24,21
2023-01-05 05:00:00,8,100,94,0,0,24,24,27
2023-01-05 06:00:00,8,100,94,1,5,24,24,26
2023-01-05 07:00:00,4,100,94,0,0,24,24,27
2023-01-05 08:00:00,9,100,94,0,5,24,24,28
2023-01-05 09:00:00,5,100,89,0,5,25,25,29
2023-01-05 10:00:00,5,75,94,0,0,25,25,33
2023-01-05 11:00:00,9,100,94,5,5,25,25,34
2023-01-05 12:00:00,9,100,94,2,5,25,25,34
2023-01-05 13:00:00,9,100,89,0,5,26,26,29
2023-01-05 14:00:00,9,100,94,0,0,25,25,31
2023-01-05 15:00:00,11,100,94,0,0,25,25,28
2023-01-05 16:00:00,9,100,94,0,0,25,25,27
2023-01-05 17:00:00,13,75,89,0,0,25,25,28
2023-01-05 18:00:00,13,75,89,0,0,25,25,27
2023-01-05 19:00:00,9,75,89,0,0,25,25,28
2023-01-05 20:00:00,5,75,89,0,0,25,25,28
2023-01-05 21:00:00,5,75,94,0,0,25,25,32
2023-01-05 22:00:00,6,75,92,0,0,25,25,31
2023-01-05 23:00:00,8,75,89,0,0,25,25,30
2023-01-06 00:00:00,6,75,89,0,0,25,25,28
2023-01-06 01:00:00,4,75,89,0,0,25,25,26
2023-01-06 02:00:00,2,75,89,0,0,25,25,23
2023-01-06 03:00:00,5,100,89,0,0,25,25,22
2023-01-06 04:00:00,8,75,94,0,0,24,24,25
2023-01-06 05:00:00,4,75,94,0,5,24,24,29
2023-01-06 06:00:00,8,75,89,0,0,25,25,29
2023-01-06 07:00:00,9,75,94,0,5,24,24,28
2023-01-06 08:00:00,9,75,89,0,0,25,25,28
2023-01-06 09:00:00,8,75,79,0,0,27,30,28
2023-01-06 10:00:00,9,75,74,0,0,28,31,31
2023-01-06 11:00:00,11,75,70,0,0,29,33,37
2023-01-06 12:00:00,11,88,82,0,0,28,29,36
2023-01-06 13:00:00,11,100,94,0,0,26,26,35
2023-01-06 14:00:00,0,100,84,0,0,27,30,26
2023-01-06 15:00:00,13,100,89,0,0,26,26,25
2023-01-06 16:00:00,13,100,84,0,0,26,26,26
2023-01-06 17:00:00,5,75,89,0,5,26,26,25
2023-01-06 18:00:00,4,75,89,0,5,26,26,27
2023-01-06 19:00:00,5,75,89,0,5,26,26,25
2023-01-06 20:00:00,8,75,89,0,0,26,26,26
2023-01-06 21:00:00,13,75,84,0,0,26,26,24
2023-01-06 22:00:00,15,75,84,0,0,26,26,20
2023-01-06 23:00:00,11,75,79,0,0,26,26,22
2023-01-07 00:00:00,14,53,84,0,0,25,25,22
2023-01-07 01:00:00,8,75,79,0,0,26,26,23
2023-01-07 02:00:00,5,75,83,0,0,25,25,26
2023-01-07 03:00:00,5,75,78,0,0,25,25,25
2023-01-07 04:00:00,4,44,78,0,0,25,25,24
2023-01-07 05:00:00,5,44,78,0,0,25,25,24
2023-01-07 06:00:00,8,44,78,0,0,25,25,23
2023-01-07 07:00:00,5,75,78,0,0,25,25,23
2023-01-07 08:00:00,8,19,79,0,0,26,26,23
2023-01-07 09:00:00,9,19,62,0,0,27,28,27
2023-01-07 10:00:00,22,19,58,0,0,28,29,32
2023-01-07 11:00:00,29,19,58,0,0,28,29,48
2023-01-07 12:00:00,22,19,55,0,0,29,30,34
2023-01-07 13:00:00,24,19,52,0,0,30,31,37
2023-01-07 14:00:00,22,44,55,0,0,30,32,37
2023-01-07 15:00:00,17,19,58,0,0,29,31,37
2023-01-07 16:00:00,22,75,62,0,0,28,30,35
2023-01-07 17:00:00,17,19,58,0,0,28,29,32
2023-01-07 18:00:00,17,75,58,0,0,28,29,29
2023-01-07 19:00:00,17,19,58,0,0,27,28,29
2023-01-07 20:00:00,5,44,65,0,0,26,26,32
2023-01-07 21:00:00,9,19,65,0,0,26,26,33
2023-01-07 22:00:00,8,75,69,0,0,25,25,32
2023-01-07 23:00:00,13,19,69,0,0,25,25,28
2023-01-08 00:00:00,8,19,65,0,0,25,25,23
2023-01-08 01:00:00,11,75,65,0,0,25,25,17
2023-01-08 02:00:00,8,19,69,0,0,25,25,18
2023-01-08 03:00:00,5,19,78,0,0,24,24,14
2023-01-08 04:00:00,4,47,78,0,0,24,24,14
2023-01-08 05:00:00,4,75,78,0,0,24,24,13
2023-01-08 06:00:00,4,75,78,0,0,25,25,15
2023-01-08 07:00:00,0,19,78,0,0,25,25,19
2023-01-08 08:00:00,9,44,70,0,0,26,26,24
2023-01-08 09:00:00,13,44,66,0,0,27,28,30
2023-01-08 10:00:00,13,75,62,0,0,28,30,32
2023-01-08 11:00:00,20,75,70,0,0,27,29,35
2023-01-08 12:00:00,24,75,66,0,0,28,30,38
2023-01-08 13:00:00,17,75,66,0,0,28,30,39
2023-01-08 14:00:00,17,75,66,0,0,28,30,37
2023-01-08 15:00:00,17,44,66,0,0,27,28,35
2023-01-08 16:00:00,20,44,62,0,0,28,30,33
2023-01-08 17:00:00,17,44,62,0,0,27,28,34
2023-01-08 18:00:00,17,44,62,0,0,27,28,31
2023-01-08 19:00:00,11,19,65,0,0,26,26,27
2023-01-08 20:00:00,13,19,65,0,0,26,26,28
2023-01-08 21:00:00,13,19,69,0,0,25,25,27
2023-01-08 22:00:00,13,44,74,0,0,25,25,26
2023-01-08 23:00:00,8,75,69,0,0,25,25,25
2023-01-09 00:00:00,5,75,69,0,0,25,25,18
2023-01-09 01:00:00,5,75,65,0,0,25,25,12
2023-01-09 02:00:00,5,19,74,0,0,24,24,17
2023-01-09 03:00:00,4,19,78,0,0,24,24,14
2023-01-09 04:00:00,4,19,78,0,0,24,24,14
2023-01-09 05:00:00,3,19,78,0,0,24,24,14
2023-01-09 06:00:00,2,19,78,0,0,24,24,14
2023-01-09 07:00:00,2,25,75,0,0,24,24,13
2023-01-09 08:00:00,3,32,72,0,0,25,25,12
2023-01-09 09:00:00,4,38,68,0,0,26,26,12
2023-01-09 10:00:00,4,44,65,0,0,26,26,11
2023-01-09 11:00:00,9,44,58,0,0,28,29,14
2023-01-09 12:00:00,8,44,58,0,0,29,31,20
2023-01-09 13:00:00,8,44,58,0,0,29,31,23
2023-01-09 14:00:00,5,75,62,0,0,28,30,20
2023-01-09 15:00:00,5,75,62,0,0,28,30,20
2023-01-09 16:00:00,13,75,62,0,0,28,30,21
2023-01-09 17:00:00,9,75,74,0,0,27,29,20
2023-01-09 18:00:00,11,100,74,0,0,27,29,21
2023-01-09 19:00:00,13,100,74,0,0,27,29,20
2023-01-09 20:00:00,11,75,74,0,0,26,26,16
2023-01-09 21:00:00,8,75,74,0,0,26,26,13
2023-01-09 22:00:00,11,19,78,0,0,25,25,11
2023-01-09 23:00:00,9,44,70,0,0,26,26,9
2023-01-10 00:00:00,8,44,70,0,0,26,26,8
2023-01-10 01:00:00,2,19,74,0,0,25,25,5
2023-01-10 02:00:00,4,75,78,0,0,25,25,7
2023-01-10 03:00:00,9,75,78,0,0,25,25,9
2023-01-10 04:00:00,4,75,78,0,0,25,25,8
2023-01-10 05:00:00,4,75,74,0,0,25,25,8
2023-01-10 06:00:00,4,75,74,0,0,25,25,8
2023-01-10 07:00:00,0,75,78,0,0,25,25,8
2023-01-10 08:00:00,2,75,78,0,0,25,25,8
2023-01-10 09:00:00,5,75,74,0,5,26,26,10
2023-01-10 10:00:00,5,75,74,0,5,26,26,14
2023-01-10 11:00:00,8,75,74,0,0,27,29,15
2023-01-10 12:00:00,9,75,70,1,5,27,29,14
2023-01-10 13:00:00,11,75,66,0,0,28,30,16
2023-01-10 14:00:00,8,75,70,0,0,28,31,17
2023-01-10 15:00:00,5,44,62,0,0,29,31,23
2023-01-10 16:00:00,9,44,62,0,0,28,30,24
2023-01-10 17:00:00,5,44,62,0,0,28,30,21
2023-01-10 18:00:00,15,44,66,0,0,27,28,18
2023-01-10 19:00:00,9,75,70,0,0,27,29,20
2023-01-10 20:00:00,5,75,74,0,0,26,26,22
2023-01-10 21:00:00,5,75,74,4,5,26,26,22
2023-01-10 22:00:00,9,75,70,0,0,26,26,18
2023-01-10 23:00:00,8,19,78,0,0,25,25,16
2023-01-11 00:00:00,4,44,79,0,0,25,25,15
2023-01-11 01:00:00,0,44,79,1,5,25,25,11
2023-01-11 02:00:00,0,44,78,0,0,25,25,7
2023-01-11 03:00:00,0,75,78,0,0,25,25,9
2023-01-11 04:00:00,4,75,78,0,0,25,25,11
2023-01-11 05:00:00,4,75,78,0,0,25,25,11
2023-01-11 06:00:00,0,75,79,0,0,25,25,9
2023-01-11 07:00:00,4,75,78,0,0,25,25,8
2023-01-11 08:00:00,4,75,74,0,0,26,26,8
2023-01-11 09:00:00,4,75,74,0,0,26,26,9
2023-01-11 10:00:00,5,44,62,0,0,28,30,10
2023-01-11 11:00:00,8,75,66,0,0,28,30,13
2023-01-11 12:00:00,9,75,62,0,0,28,30,14
2023-01-11 13:00:00,8,75,66,0,0,29,32,17
2023-01-11 14:00:00,8,75,56,0,5,32,36,14
2023-01-11 15:00:00,9,44,52,0,0,30,31,18
2023-01-11 16:00:00,15,75,55,4,5,30,32,21
2023-01-11 17:00:00,17,75,62,2,5,28,30,23
2023-01-11 18:00:00,13,75,66,0,5,27,28,22
2023-01-11 19:00:00,11,19,66,3,5,27,28,20
2023-01-11 20:00:00,9,19,74,0,5,26,26,20
2023-01-11 21:00:00,9,19,74,0,0,26,26,22
2023-01-11 22:00:00,9,75,74,0,0,26,26,22
2023-01-11 23:00:00,9,75,74,0,0,26,26,23
2023-01-12 00:00:00,8,75,78,0,0,25,25,23
2023-01-12 01:00:00,8,19,74,0,0,25,25,21
2023-01-12 02:00:00,2,19,74,0,0,25,25,14
2023-01-12 03:00:00,4,44,74,0,0,25,25,15
2023-01-12 04:00:00,0,75,74,0,0,25,25,13
2023-01-12 05:00:00,2,75,74,0,0,25,25,10
2023-01-12 06:00:00,4,75,74,0,0,25,25,9
2023-01-12 07:00:00,4,75,74,0,0,25,25,10
2023-01-12 08:00:00,5,75,70,0,0,26,26,9
2023-01-12 09:00:00,9,44,66,0,0,27,28,14
2023-01-12 10:00:00,9,75,62,0,0,28,30,17
2023-01-12 11:00:00,15,75,70,0,0,29,33,20
2023-01-12 12:00:00,18,100,74,0,0,28,31,26
2023-01-12 13:00:00,20,44,52,0,0,30,31,29
2023-01-12 14:00:00,17,75,49,0,0,31,32,29
2023-01-12 15:00:00,18,75,49,0,0,31,32,29
2023-01-12 16:00:00,17,19,52,0,0,30,31,25
2023-01-12 17:00:00,15,44,58,0,5,29,31,24
2023-01-12 18:00:00,15,44,66,0,0,28,30,23
2023-01-12 19:00:00,11,19,70,0,0,27,29,22
2023-01-12 20:00:00,9,19,70,0,5,27,29,22
2023-01-12 21:00:00,11,75,74,0,0,26,26,21
2023-01-12 22:00:00,8,19,78,0,0,25,25,21
2023-01-12 23:00:00,4,44,79,0,0,25,25,20
2023-01-13 00:00:00,4,44,79,0,0,25,25,18
2023-01-13 01:00:00,4,44,79,1,5,25,25,14
2023-01-13 02:00:00,5,19,74,0,0,25,25,6
2023-01-13 03:00:00,8,44,79,0,0,25,25,8
2023-01-13 04:00:00,2,19,89,0,0,24,24,9
2023-01-13 05:00:00,4,19,89,0,0,25,25,11
2023-01-13 06:00:00,4,44,89,0,0,25,25,11
2023-01-13 07:00:00,0,19,83,0,0,25,25,12
2023-01-13 08:00:00,5,75,89,0,0,25,25,12
2023-01-13 09:00:00,5,75,89,0,0,26,26,10
2023-01-13 10:00:00,5,75,66,0,0,27,28,11
2023-01-13 11:00:00,2,44,62,1,5,29,31,18
2023-01-13 12:00:00,8,75,62,0,0,29,31,22
2023-01-13 13:00:00,5,75,62,0,5,29,31,25
2023-01-13 14:00:00,15,75,66,0,0,29,32,17
2023-01-13 15:00:00,8,75,62,0,0,30,33,19
2023-01-13 16:00:00,8,75,66,0,5,29,32,23
2023-01-13 17:00:00,8,75,66,1,5,28,30,25
2023-01-13 18:00:00,11,44,70,0,5,27,29,24
2023-01-13 19:00:00,13,19,74,0,0,27,29,21
2023-01-13 20:00:00,13,44,74,0,0,27,29,20
2023-01-13 21:00:00,11,44,79,0,0,26,26,19
2023-01-13 22:00:00,13,44,74,0,0,26,26,17
2023-01-13 23:00:00,8,44,74,0,0,26,26,14
2023-01-14 00:00:00,8,44,79,0,0,25,25,11
2023-01-14 01:00:00,4,19,78,0,0,25,25,10
2023-01-14 02:00:00,4,44,74,0,0,25,25,8
2023-01-14 03:00:00,4,75,83,0,0,25,25,9
2023-01-14 04:00:00,8,75,74,1,5,26,26,8
2023-01-14 05:00:00,8,75,78,0,0,25,25,8
2023-01-14 06:00:00,5,75,78,0,0,25,25,6
2023-01-14 07:00:00,5,75,78,0,0,25,25,11
2023-01-14 08:00:00,8,75,78,0,0,25,25,13
2023-01-14 09:00:00,4,44,74,0,0,26,26,10
2023-01-14 10:00:00,4,75,70,0,0,27,29,11
2023-01-14 11:00:00,9,75,58,0,0,29,31,16
2023-01-14 12:00:00,13,75,62,1,5,29,31,18
2023-01-14 13:00:00,8,75,62,0,0,29,31,19
2023-01-14 14:00:00,11,75,66,0,5,29,32,18
2023-01-14 15:00:00,9,75,74,2,5,28,31,21
2023-01-14 16:00:00,9,100,79,1,5,27,30,16
2023-01-14 17:00:00,11,100,84,0,5,26,26,12
2023-01-14 18:00:00,13,100,84,1,5,26,26,17
2023-01-14 19:00:00,11,75,83,0,5,25,25,19
2023-01-14 20:00:00,8,100,83,1,5,25,25,18
2023-01-14 21:00:00,5,100,83,1,5,25,25,17
2023-01-14 22:00:00,8,75,83,0,5,25,25,14
2023-01-14 23:00:00,4,100,89,1,5,25,25,10
2023-01-15 00:00:00,5,100,89,0,5,25,25,11
2023-01-15 01:00:00,5,100,89,0,5,25,25,9
2023-01-15 02:00:00,5,75,89,1,5,25,25,5
2023-01-15 03:00:00,0,75,83,1,5,25,25,6
2023-01-15 04:00:00,5,75,94,0,5,24,24,6
2023-01-15 05:00:00,5,75,89,0,5,25,25,10
2023-01-15 06:00:00,4,75,89,0,5,25,25,11
2023-01-15 07:00:00,8,75,89,0,5,25,25,12
2023-01-15 08:00:00,9,100,89,0,5,25,25,14
2023-01-15 09:00:00,13,75,84,0,0,26,26,18
2023-01-15 10:00:00,13,75,84,0,0,27,30,17
2023-01-15 11:00:00,4,75,79,0,0,28,32,20
2023-01-15 12:00:00,17,75,79,0,0,27,30,23
2023-01-15 13:00:00,15,75,79,0,0,28,32,24
2023-01-15 14:00:00,13,75,79,0,0,28,32,16
2023-01-15 15:00:00,13,75,75,0,0,30,36,13
2023-01-15 16:00:00,9,75,74,0,5,28,31,9
2023-01-15 17:00:00,11,75,79,0,0,27,30,11
2023-01-15 18:00:00,4,100,89,0,5,26,26,9
2023-01-15 19:00:00,5,100,84,0,5,27,30,8
2023-01-15 20:00:00,4,100,86,1,5,26,28,7
2023-01-15 21:00:00,4,100,89,2,5,26,26,6
2023-01-15 22:00:00,9,100,94,2,5,25,25,13
2023-01-15 23:00:00,8,100,94,0,5,25,25,10
2023-01-16 00:00:00,4,100,89,0,5,25,25,12
2023-01-16 01:00:00,0,100,89,0,5,25,25,17
2023-01-16 02:00:00,1,100,89,0,5,25,25,16
2023-01-16 03:00:00,1,100,89,0,5,25,25,15
2023-01-16 04:00:00,2,100,89,0,5,25,25,14
2023-01-16 05:00:00,2,100,89,0,5,25,25,14
2023-01-16 06:00:00,3,100,89,0,5,25,25,13
2023-01-16 07:00:00,3,100,89,0,5,25,25,12
2023-01-16 08:00:00,4,100,89,0,5,25,25,11
2023-01-16 09:00:00,9,100,89,1,5,25,25,13
2023-01-16 10:00:00,9,75,84,0,0,26,26,20
2023-01-16 11:00:00,9,75,79,0,0,28,32,23
2023-01-16 12:00:00,11,75,79,0,0,28,32,23
2023-01-16 13:00:00,11,75,70,0,0,29,33,23
2023-01-16 14:00:00,9,75,62,0,0,30,33,19
2023-01-16 15:00:00,20,44,66,0,0,29,32,22
2023-01-16 16:00:00,28,19,55,0,0,30,32,28
2023-01-16 17:00:00,22,19,58,0,0,29,31,23
2023-01-16 18:00:00,15,19,58,0,0,28,29,22
2023-01-16 19:00:00,8,44,62,0,0,27,28,21
2023-01-16 20:00:00,8,19,74,0,0,26,26,20
2023-01-16 21:00:00,11,44,74,0,0,26,26,18
2023-01-16 22:00:00,9,19,74,0,0,26,26,15
2023-01-16 23:00:00,8,44,74,0,0,26,26,11
2023-01-17 00:00:00,9,44,70,0,0,26,26,11
2023-01-17 01:00:00,4,44,70,0,0,26,26,11
2023-01-17 02:00:00,5,19,78,0,0,25,25,13
2023-01-17 03:00:00,5,44,78,0,0,25,25,12
2023-01-17 04:00:00,2,75,74,0,0,26,26,13
2023-01-17 05:00:00,5,75,74,0,5,26,26,16
2023-01-17 06:00:00,5,75,74,0,0,26,26,13
2023-01-17 07:00:00,4,75,74,0,0,26,26,11
2023-01-17 08:00:00,5,75,74,0,0,27,29,11
2023-01-17 09:00:00,8,75,74,0,0,27,29,14
2023-01-17 10:00:00,9,75,66,3,5,28,30,14
2023-01-17 11:00:00,5,75,66,0,5,29,32,18
2023-01-17 12:00:00,5,75,62,0,0,30,33,23
2023-01-17 13:00:00,17,75,59,1,5,30,32,24
2023-01-17 14:00:00,17,75,66,1,5,29,32,27
2023-01-17 15:00:00,15,75,66,6,5,29,32,23
2023-01-17 16:00:00,13,75,74,2,5,28,31,22
2023-01-17 17:00:00,11,75,70,1,5,28,31,20
2023-01-17 18:00:00,13,75,79,1,5,27,30,19
2023-01-17 19:00:00,9,75,79,0,5,27,30,17
2023-01-17 20:00:00,8,75,84,0,0,26,26,16
2023-01-17 21:00:00,8,75,84,10,5,26,26,13
2023-01-17 22:00:00,4,75,79,0,5,26,26,11
2023-01-17 23:00:00,2,75,84,0,0,26,26,11
2023-01-18 00:00:00,4,75,79,0,5,26,26,10
2023-01-18 01:00:00,5,75,79,0,5,26,26,11
2023-01-18 02:00:00,8,75,83,0,5,25,25,8
2023-01-18 03:00:00,7,75,82,0,4,25,25,8
2023-01-18 04:00:00,6,75,81,0,3,25,25,9
2023-01-18 05:00:00,6,75,81,0,2,26,26,9
2023-01-18 06:00:00,5,75,80,0,1,26,26,10
2023-01-18 07:00:00,4,75,79,0,0,26,26,10
2023-01-18 08:00:00,5,75,74,0,0,27,29,11
2023-01-18 09:00:00,9,75,79,0,0,27,30,11
2023-01-18 10:00:00,4,75,66,0,0,29,32,15
2023-01-18 11:00:00,9,75,66,0,0,30,34,15
2023-01-18 12:00:00,5,75,79,0,0,28,32,15
2023-01-18 13:00:00,17,75,74,0,0,29,34,21
2023-01-18 14:00:00,8,100,89,0,0,26,26,28
2023-01-18 15:00:00,5,75,84,0,5,27,30,26
2023-01-18 16:00:00,13,75,74,0,5,28,31,20
2023-01-18 17:00:00,8,75,70,0,5,28,31,18
2023-01-18 18:00:00,11,75,74,0,0,27,29,16
2023-01-18 19:00:00,8,100,82,0,0,26,26,15
2023-01-18 20:00:00,8,44,79,0,0,26,26,13
2023-01-18 21:00:00,5,44,79,0,5,26,26,11
2023-01-18 22:00:00,2,75,79,4,5,26,26,11
2023-01-18 23:00:00,2,44,74,6,5,26,26,11
2023-01-19 00:00:00,2,75,74,2,5,26,26,11
2023-01-19 01:00:00,2,44,74,0,0,26,26,11
2023-01-19 02:00:00,4,75,78,0,0,25,25,11
2023-01-19 03:00:00,8,44,79,0,0,26,26,10
2023-01-19 04:00:00,2,19,83,0,0,25,25,9
2023-01-19 05:00:00,3,47,81,0,0,26,26,10
2023-01-19 06:00:00,4,75,79,0,0,26,26,10
2023-01-19 07:00:00,4,75,74,0,0,26,26,13
2023-01-19 08:00:00,2,75,70,0,0,26,26,12
2023-01-19 09:00:00,4,75,66,0,0,27,28,14
2023-01-19 10:00:00,5,75,66,0,0,28,30,19
2023-01-19 11:00:00,11,75,58,0,0,29,31,29
2023-01-19 12:00:00,8,75,62,0,0,28,30,31
2023-01-19 13:00:00,11,75,62,0,0,30,33,28
2023-01-19 14:00:00,5,75,66,0,0,29,32,29
2023-01-19 15:00:00,17,75,55,0,0,29,30,29
2023-01-19 16:00:00,17,44,62,0,0,29,31,27
2023-01-19 17:00:00,22,75,52,0,0,29,30,26
2023-01-19 18:00:00,22,75,62,0,0,28,30,23
2023-01-19 19:00:00,13,19,62,0,0,27,28,20
2023-01-19 20:00:00,18,19,66,0,0,27,28,20
2023-01-19 21:00:00,11,44,62,0,0,27,28,22
2023-01-19 22:00:00,4,44,65,0,0,26,26,18
2023-01-19 23:00:00,4,19,65,0,0,26,26,13
2023-01-20 00:00:00,5,19,70,0,0,26,26,10
2023-01-20 01:00:00,5,19,70,0,0,26,26,10
2023-01-20 02:00:00,2,75,74,0,0,26,26,8
2023-01-20 03:00:00,5,75,74,0,0,26,26,8
2023-01-20 04:00:00,4,44,78,0,0,25,25,10
2023-01-20 05:00:00,4,44,78,0,0,25,25,11
2023-01-20 06:00:00,4,44,78,0,0,25,25,12
2023-01-20 07:00:00,8,75,74,0,0,26,26,14
2023-01-20 08:00:00,8,44,74,0,0,26,26,16
2023-01-20 09:00:00,5,75,70,0,5,28,31,16
2023-01-20 10:00:00,9,75,74,0,5,28,31,22
2023-01-20 11:00:00,15,75,62,0,5,29,31,32
2023-01-20 12:00:00,26,75,66,0,5,29,32,35
2023-01-20 13:00:00,28,75,70,0,0,29,33,35
2023-01-20 14:00:00,31,75,66,0,0,30,34,54
2023-01-20 15:00:00,29,75,59,0,0,30,32,29
2023-01-20 16:00:00,18,75,62,0,0,29,31,28
2023-01-20 17:00:00,17,75,66,0,0,28,30,28
2023-01-20 18:00:00,15,75,74,0,5,27,29,23
2023-01-20 19:00:00,11,75,79,0,0,26,26,20
2023-01-20 20:00:00,13,44,79,0,0,26,26,20
2023-01-20 21:00:00,9,75,79,0,0,26,26,18
2023-01-20 22:00:00,5,75,79,0,0,26,26,17
2023-01-20 23:00:00,4,75,79,0,0,26,26,14
2023-01-21 00:00:00,2,75,74,0,0,26,26,10
2023-01-21 01:00:00,2,75,79,0,0,26,26,9
2023-01-21 02:00:00,4,75,74,0,0,26,26,12
2023-01-21 03:00:00,9,44,70,0,0,26,26,10
2023-01-21 04:00:00,0,44,69,0,0,25,25,11
2023-01-21 05:00:00,5,44,78,0,0,25,25,11
2023-01-21 06:00:00,4,44,78,0,0,25,25,13
2023-01-21 07:00:00,4,75,78,0,0,25,25,21
2023-01-21 08:00:00,5,75,78,0,0,25,25,16
2023-01-21 09:00:00,5,75,79,0,0,26,26,11
2023-01-21 10:00:00,5,44,66,0,0,28,30,11
2023-01-21 11:00:00,20,75,66,0,0,29,32,20
2023-01-21 12:00:00,20,75,62,0,0,30,33,26
2023-01-21 13:00:00,20,75,62,0,0,30,33,28
2023-01-21 14:00:00,8,75,79,0,0,27,30,19
2023-01-21 15:00:00,5,75,79,0,0,27,30,17
2023-01-21 23:00:00,4,44,79,0,0,26,26,22
2023-01-22 00:00:00,0,19,83,0,0,25,25,20
2023-01-22 01:00:00,5,44,79,0,0,26,26,18
2023-01-22 02:00:00,4,19,74,0,0,26,26,16
2023-01-22 03:00:00,4,44,79,0,0,26,26,13
2023-01-22 04:00:00,5,44,79,0,0,26,26,13
2023-01-22 05:00:00,7,100,87,0,0,25,25,13
2023-01-22 06:00:00,5,44,83,0,0,25,25,13
2023-01-22 07:00:00,9,44,83,0,0,25,25,16
2023-01-22 08:00:00,9,44,79,0,0,26,26,18
2023-01-22 09:00:00,8,75,74,0,0,27,29,31
2023-01-22 10:00:00,4,75,70,0,0,28,31,28
2023-01-22 11:00:00,5,75,74,0,5,28,31,32
2023-01-22 12:00:00,15,44,62,0,0,30,33,36
2023-01-22 13:00:00,18,44,59,0,0,30,32,34
2023-01-22 14:00:00,22,44,59,0,0,31,34,29
2023-01-22 15:00:00,18,19,59,0,0,31,34,29
2023-01-22 16:00:00,17,44,62,0,0,30,33,26
2023-01-22 17:00:00,18,75,58,0,0,29,31,24
2023-01-22 18:00:00,17,75,66,0,0,28,30,26
2023-01-22 19:00:00,11,75,70,0,0,27,29,26
2023-01-22 20:00:00,11,75,74,0,0,27,29,23
2023-01-22 21:00:00,8,75,74,0,0,27,29,22
2023-01-22 22:00:00,8,75,70,0,0,27,29,22
2023-01-22 23:00:00,8,19,74,0,0,26,26,20
2023-01-23 00:00:00,2,19,79,0,0,26,26,17
2023-01-23 01:00:00,2,19,79,0,0,26,26,13
2023-01-23 02:00:00,4,19,74,0,0,26,26,14
2023-01-23 03:00:00,4,19,74,0,0,26,26,11
2023-01-23 04:00:00,5,19,78,0,0,25,25,10
2023-01-23 05:00:00,4,19,78,0,0,25,25,9
2023-01-23 06:00:00,8,44,83,0,0,25,25,9
2023-01-23 07:00:00,4,19,83,0,0,25,25,11
2023-01-23 08:00:00,4,19,74,0,0,26,26,10
2023-01-23 09:00:00,4,19,66,0,0,27,28,11
2023-01-23 10:00:00,11,19,58,0,0,29,31,13
2023-01-23 11:00:00,9,19,52,0,0,31,33,16
2023-01-23 12:00:00,15,19,49,0,0,32,34,19
2023-01-23 13:00:00,15,19,49,0,0,32,34,22
2023-01-23 14:00:00,15,19,49,0,0,32,34,23
2023-01-23 15:00:00,17,44,49,0,0,32,34,23
2023-01-23 16:00:00,17,44,52,0,0,31,33,21
2023-01-23 17:00:00,18,44,55,0,0,30,32,21
2023-01-23 18:00:00,15,44,62,0,0,29,31,21
2023-01-23 19:00:00,11,44,66,0,0,28,30,20
2023-01-23 20:00:00,11,44,70,0,0,27,29,21
2023-01-23 21:00:00,11,44,74,0,0,26,26,19
2023-01-23 22:00:00,9,44,74,0,0,26,26,14
2023-01-23 23:00:00,11,19,79,0,0,26,26,11
2023-01-24 00:00:00,9,44,74,0,0,26,26,10
2023-01-24 01:00:00,5,44,74,0,0,26,26,11
2023-01-24 02:00:00,4,44,79,0,0,25,25,10
2023-01-24 03:00:00,5,19,70,0,0,26,26,9
2023-01-24 04:00:00,5,44,70,0,0,26,26,8
2023-01-24 05:00:00,8,44,74,0,0,26,26,9
2023-01-24 06:00:00,5,44,70,0,0,26,26,10
2023-01-24 07:00:00,8,75,70,0,0,26,26,10
2023-01-24 08:00:00,8,75,70,0,0,26,26,8
2023-01-24 09:00:00,11,75,70,0,0,27,29,13
2023-01-24 10:00:00,8,75,62,0,0,29,31,19
2023-01-24 11:00:00,8,44,55,0,0,30,32,21
2023-01-24 12:00:00,11,44,59,0,0,31,35,22
2023-01-24 13:00:00,13,44,49,0,0,32,34,22
2023-01-24 14:00:00,18,44,44,0,0,33,35,24
2023-01-24 15:00:00,20,44,49,0,0,32,34,23
2023-01-24 16:00:00,26,19,52,0,0,31,33,26
2023-01-24 17:00:00,22,19,55,0,0,30,32,25
2023-01-24 18:00:00,22,44,58,0,0,29,31,25
2023-01-24 19:00:00,17,19,58,0,0,28,29,25
2023-01-24 20:00:00,15,44,58,0,0,28,29,18
2023-01-24 21:00:00,9,19,75,0,0,27,30,13
2023-01-24 22:00:00,7,19,77,0,0,27,27,15
2023-01-24 23:00:00,5,19,78,0,0,25,25,8
2023-01-25 00:00:00,2,19,74,0,0,26,26,4
2023-01-25 01:00:00,5,75,70,0,0,26,26,11
2023-01-25 02:00:00,9,75,76,0,0,26,26,17
2023-01-25 03:00:00,6,44,80,0,0,25,25,7
2023-01-25 04:00:00,3,44,80,0,0,25,25,15
2023-01-25 05:00:00,3,44,80,0,0,25,25,10
2023-01-25 06:00:00,3,44,80,0,0,25,25,11
2023-01-25 07:00:00,5,44,77,0,0,26,26,13
2023-01-25 08:00:00,15,44,66,0,0,27,28,15
2023-01-25 09:00:00,17,44,65,0,0,28,29,17
2023-01-25 10:00:00,24,19,60,0,0,29,31,38
2023-01-25 11:00:00,23,44,60,0,0,29,31,23
2023-01-25 12:00:00,25,44,55,0,0,29,30,41
2023-01-25 13:00:00,21,19,66,0,0,30,33,26
2023-01-25 14:00:00,25,19,67,0,0,28,31,35
2023-01-25 15:00:00,20,19,67,0,0,28,31,30
2023-01-25 16:00:00,16,19,67,0,0,28,30,25
2023-01-25 17:00:00,18,19,72,0,0,27,29,22
2023-01-25 18:00:00,10,19,75,0,0,26,26,16
2023-01-25 19:00:00,9,19,74,0,0,25,25,17
2023-01-25 20:00:00,7,19,75,0,0,24,24,20
2023-01-25 21:00:00,7,44,74,0,0,24,24,14
2023-01-25 22:00:00,4,19,77,0,0,24,24,7
2023-01-25 23:00:00,2,44,76,0,0,24,24,9
2023-01-26 00:00:00,2,19,78,0,0,24,24,7
2023-01-26 01:00:00,1,19,80,0,0,24,24,9
2023-01-26 02:00:00,1,19,80,0,0,24,24,11
2023-01-26 03:00:00,4,19,80,0,0,24,24,7
2023-01-26 04:00:00,1,19,82,0,0,24,24,2
2023-01-26 05:00:00,1,19,83,0,0,23,23,1
2023-01-26 06:00:00,2,19,84,0,0,23,23,7
2023-01-26 07:00:00,3,44,81,0,0,24,24,9
2023-01-26 08:00:00,4,75,75,0,0,25,25,13
2023-01-26 09:00:00,2,75,69,0,0,28,30,7
2023-01-26 10:00:00,2,75,60,0,0,29,31,5
2023-01-26 11:00:00,6,75,61,0,0,29,32,8
2023-01-26 12:00:00,6,75,57,0,0,31,34,12
2023-01-26 13:00:00,10,60,63,0,0,30,34,18
2023-01-26 14:00:00,14,44,69,0,0,30,34,25
2023-01-26 15:00:00,13,44,58,0,0,30,32,25
2023-01-26 16:00:00,14,44,63,0,0,28,31,17
2023-01-26 17:00:00,9,19,75,1,5,27,30,17
2023-01-26 18:00:00,8,19,77,0,0,26,26,13
2023-01-26 19:00:00,7,44,77,0,5,26,26,18
2023-01-26 20:00:00,12,44,76,2,5,26,26,15
2023-01-26 21:00:00,11,19,70,0,0,26,26,21
2023-01-26 22:00:00,5,44,79,0,0,25,25,15
2023-01-26 23:00:00,4,19,80,0,0,25,25,8
2023-01-27 00:00:00,1,75,81,0,0,25,25,5
2023-01-27 01:00:00,2,44,82,0,0,25,25,8
2023-01-27 02:00:00,4,60,84,0,0,25,25,8
2023-01-27 03:00:00,6,75,87,0,0,24,24,8
2023-01-27 04:00:00,6,75,79,0,0,25,25,9
2023-01-27 05:00:00,7,75,79,0,0,25,25,11
2023-01-27 06:00:00,7,75,77,0,0,25,25,11
2023-01-27 07:00:00,8,75,77,0,0,25,25,11
2023-01-27 08:00:00,6,75,69,0,0,26,26,11
2023-01-27 09:00:00,5,75,67,0,0,28,29,10
2023-01-27 10:00:00,10,75,70,0,0,27,30,10
2023-01-27 11:00:00,11,100,71,0,0,28,30,15
2023-01-27 12:00:00,8,100,67,0,0,28,30,19
2023-01-27 13:00:00,9,100,67,0,0,28,30,9
2023-01-27 14:00:00,11,75,68,0,0,29,32,13
2023-01-27 15:00:00,9,75,67,4,5,28,31,14
2023-01-27 16:00:00,10,75,71,0,0,27,29,12
2023-01-27 17:00:00,5,75,84,0,0,26,26,6
2023-01-27 18:00:00,1,75,81,0,0,25,25,1
2023-01-27 19:00:00,2,75,77,0,0,26,26,2
2023-01-27 20:00:00,3,75,82,0,0,25,25,3
2023-01-27 21:00:00,1,75,85,0,0,25,25,1
2023-01-27 22:00:00,1,75,85,0,0,25,25,1
2023-01-27 23:00:00,1,75,81,0,0,25,25,3
2023-01-28 00:00:00,7,75,91,0,0,25,25,8
2023-01-28 01:00:00,9,100,82,0,0,25,25,14
2023-01-28 02:00:00,1,75,84,0,0,24,24,3
2023-01-28 03:00:00,4,75,82,0,0,24,24,4
2023-01-28 04:00:00,1,75,80,0,0,24,24,1
2023-01-28 05:00:00,0,75,88,0,0,24,24,0
2023-01-28 06:00:00,0,75,91,0,0,24,24,0
2023-01-28 07:00:00,0,75,91,0,0,24,24,0
2023-01-28 08:00:00,2,75,77,0,0,25,25,15
2023-01-28 09:00:00,3,44,75,0,0,26,26,12
2023-01-28 10:00:00,2,75,71,0,0,27,27,18
2023-01-28 11:00:00,2,75,68,0,0,27,29,10
2023-01-28 12:00:00,9,75,66,0,0,28,31,20
2023-01-28 13:00:00,16,75,65,0,0,28,30,18
2023-01-28 14:00:00,14,75,66,0,0,29,32,23
2023-01-28 15:00:00,13,75,60,0,0,28,29,23
2023-01-28 16:00:00,12,75,70,0,0,27,29,14
2023-01-28 17:00:00,13,75,71,0,0,26,26,14
2023-01-28 18:00:00,11,75,71,0,0,25,25,11
2023-01-28 19:00:00,8,75,72,0,0,25,25,14
2023-01-28 20:00:00,9,75,65,0,0,25,25,9
2023-01-28 21:00:00,5,75,67,0,0,25,25,14
2023-01-28 22:00:00,8,44,74,0,0,24,24,16
2023-01-28 23:00:00,8,44,73,0,0,24,24,16
2023-01-29 00:00:00,9,75,74,0,0,24,24,13
2023-01-29 01:00:00,4,75,75,0,0,24,24,14
2023-01-29 02:00:00,6,75,75,0,0,24,24,8
2023-01-29 03:00:00,4,44,75,0,0,24,24,8
2023-01-29 04:00:00,4,75,77,0,0,24,24,10
2023-01-29 05:00:00,2,44,79,0,0,24,24,2
2023-01-29 06:00:00,3,44,77,0,0,24,24,7
2023-01-29 07:00:00,0,44,76,0,0,24,24,11
2023-01-29 08:00:00,0,44,76,0,0,25,25,5
2023-01-29 09:00:00,0,19,71,0,0,26,26,10
2023-01-29 10:00:00,6,44,68,0,0,26,26,14
2023-01-29 11:00:00,7,44,66,0,0,28,29,17
2023-01-29 12:00:00,9,44,65,0,0,28,31,22
2023-01-29 13:00:00,13,44,65,0,0,28,31,35
2023-01-29 14:00:00,5,75,64,0,0,28,31,23
2023-01-29 15:00:00,14,44,64,0,0,29,32,22
2023-01-29 16:00:00,14,19,68,0,0,28,30,27
2023-01-29 17:00:00,19,19,70,0,0,27,29,25
2023-01-29 18:00:00,10,44,69,0,0,25,25,19
2023-01-29 19:00:00,15,19,75,0,0,25,25,23
2023-01-29 20:00:00,11,19,77,0,0,25,25,20
2023-01-29 21:00:00,10,44,73,0,0,24,24,20
2023-01-29 22:00:00,6,19,79,0,0,24,24,9
2023-01-29 23:00:00,6,44,74,0,0,24,24,11
2023-01-30 00:00:00,2,44,73,0,0,24,24,7
2023-01-30 01:00:00,0,44,78,0,0,24,24,7
2023-01-30 02:00:00,0,19,82,0,0,24,24,4
2023-01-30 03:00:00,4,44,74,0,0,24,24,9
2023-01-30 04:00:00,0,44,84,0,0,23,23,0
2023-01-30 05:00:00,2,75,84,0,0,24,24,2
2023-01-30 06:00:00,2,75,86,0,0,23,23,2
2023-01-30 07:00:00,1,19,76,0,0,25,25,6
2023-01-30 08:00:00,3,19,76,0,0,25,25,15
2023-01-30 09:00:00,5,19,67,0,0,26,26,13
2023-01-30 10:00:00,5,19,64,0,0,28,30,11
2023-01-30 11:00:00,6,19,59,0,0,29,30,14
2023-01-30 12:00:00,8,44,64,0,0,29,31,26
2023-01-30 13:00:00,9,44,62,0,0,30,32,18
2023-01-30 14:00:00,8,44,64,0,0,30,34,20
2023-01-30 15:00:00,14,44,60,0,0,30,32,20
2023-01-30 16:00:00,17,19,68,0,0,29,32,18
2023-01-30 17:00:00,14,19,73,0,0,28,30,18
2023-01-30 18:00:00,13,19,74,0,0,26,26,19
2023-01-30 19:00:00,20,44,58,0,0,27,28,22
2023-01-30 20:00:00,8,44,76,0,0,26,26,22
2023-01-30 21:00:00,15,19,78,0,0,26,26,17
2023-01-30 22:00:00,8,44,70,0,0,26,26,22
2023-01-30 23:00:00,9,44,78,0,0,26,26,10
2023-01-31 00:00:00,1,44,78,0,0,26,26,11
2023-01-31 01:00:00,7,19,79,0,0,25,25,13
2023-01-31 02:00:00,6,19,78,0,0,25,25,12
2023-01-31 03:00:00,6,19,78,0,0,25,25,16
2023-01-31 04:00:00,4,19,79,0,0,25,25,12
2023-01-31 05:00:00,3,44,78,0,0,25,25,12
2023-01-31 06:00:00,4,44,78,0,0,25,25,16
2023-01-31 07:00:00,10,44,80,0,0,25,25,19
2023-01-31 08:00:00,7,44,76,0,0,25,25,17
2023-01-31 09:00:00,13,44,73,0,0,26,26,23
2023-01-31 10:00:00,11,44,71,0,0,27,28,20
2023-01-31 11:00:00,16,75,65,0,0,28,30,26
2023-01-31 12:00:00,14,44,68,0,0,29,33,26
2023-01-31 13:00:00,16,44,59,0,0,29,31,27
2023-01-31 14:00:00,17,44,68,0,0,29,32,35
2023-01-31 15:00:00,17,44,62,0,0,29,31,32
2023-01-31 16:00:00,17,44,72,0,0,28,30,22
2023-01-31 17:00:00,8,19,73,0,0,27,27,19
2023-01-31 18:00:00,15,44,70,0,0,26,26,26
2023-01-31 19:00:00,8,44,68,0,0,25,25,30
2023-01-31 20:00:00,10,19,77,0,0,24,24,18
2023-01-31 21:00:00,8,44,73,0,0,24,24,14
2023-01-31 22:00:00,7,44,77,0,0,25,25,11
2023-01-31 23:00:00,6,19,79,0,0,25,25,12
2023-02-01 00:00:00,7,19,78,0,0,24,24,15
2023-02-01 01:00:00,5,19,79,0,0,24,24,10
2023-02-01 02:00:00,4,19,78,0,0,24,24,7
2023-02-01 03:00:00,2,19,81,0,0,24,24,10
2023-02-01 04:00:00,1,19,77,0,0,24,24,18
2023-02-01 05:00:00,1,19,78,0,0,24,24,9
2023-02-01 06:00:00,4,44,77,0,0,24,24,5
2023-02-01 07:00:00,0,19,75,0,0,25,25,7
2023-02-01 08:00:00,1,19,71,0,0,26,26,7
2023-02-01 09:00:00,6,19,69,0,0,27,28,14
2023-02-01 10:00:00,11,19,67,0,0,28,31,21
2023-02-01 11:00:00,14,19,62,0,0,30,34,22
2023-02-01 12:00:00,10,19,65,0,0,30,34,23
2023-02-01 13:00:00,13,44,61,0,0,31,35,27
2023-02-01 14:00:00,24,44,59,0,0,31,34,27
2023-02-01 15:00:00,13,44,60,0,0,31,34,20
2023-02-01 16:00:00,14,19,70,0,0,30,34,19
2023-02-01 17:00:00,10,19,74,0,0,29,34,13
2023-02-01 18:00:00,10,19,77,0,0,28,33,18
2023-02-01 19:00:00,8,44,74,0,0,27,30,11
2023-02-01 20:00:00,4,19,82,0,0,26,26,7
2023-02-01 21:00:00,7,44,77,0,0,26,26,12
2023-02-01 22:00:00,5,44,79,0,0,26,26,10
2023-02-01 23:00:00,3,44,81,0,0,26,26,7
2023-02-02 00:00:00,4,44,83,0,0,26,26,10
2023-02-02 01:00:00,7,75,82,0,0,26,26,13
2023-02-02 02:00:00,3,75,86,0,0,26,26,3
2023-02-02 03:00:00,3,100,89,0,0,25,25,3
2023-02-02 04:00:00,2,100,83,0,0,25,25,5
2023-02-02 05:00:00,2,100,87,0,0,25,25,4
2023-02-02 06:00:00,2,100,83,0,0,26,26,9
2023-02-02 07:00:00,3,75,83,0,0,26,26,7
2023-02-02 08:00:00,4,75,82,0,0,27,29,11
2023-02-02 09:00:00,6,75,80,0,0,28,32,15
2023-02-02 10:00:00,8,75,76,0,0,29,33,16
2023-02-02 11:00:00,10,75,72,0,0,30,35,17
2023-02-02 12:00:00,11,44,64,0,0,31,35,18
2023-02-02 13:00:00,13,19,65,0,0,32,38,27
2023-02-02 14:00:00,1,25,69,0,0,30,34,22
2023-02-02 15:00:00,12,44,66,0,0,31,37,14
2023-02-02 16:00:00,14,44,70,0,0,30,35,24
2023-02-02 17:00:00,11,44,73,0,0,29,33,22
2023-02-02 18:00:00,13,19,81,0,0,28,33,15
2023-02-02 19:00:00,10,44,76,0,0,27,30,26
2023-02-02 20:00:00,11,44,80,0,0,27,31,21
2023-02-02 21:00:00,10,44,82,0,0,26,26,17
2023-02-02 22:00:00,7,19,84,0,0,26,26,13
2023-02-02 23:00:00,8,44,81,0,0,26,26,16
2023-02-03 00:00:00,9,44,79,0,0,27,30,24
2023-02-03 01:00:00,9,44,80,0,0,27,27,16
2023-02-03 02:00:00,4,44,84,0,0,26,26,9
2023-02-03 03:00:00,3,19,84,0,0,26,26,4
2023-02-03 04:00:00,3,19,88,0,0,26,26,7
2023-02-03 05:00:00,5,19,87,0,0,25,25,7
2023-02-03 06:00:00,1,44,84,0,0,25,25,4
2023-02-03 07:00:00,0,75,82,0,0,25,25,11
2023-02-03 08:00:00,4,75,76,0,0,27,29,15
2023-02-03 09:00:00,8,75,69,0,0,29,32,19
2023-02-03 10:00:00,9,44,67,0,0,29,33,21
2023-02-03 11:00:00,4,15,68,0,0,30,34,17
2023-02-03 12:00:00,7,45,65,0,0,30,35,20
2023-02-03 13:00:00,10,75,62,0,0,31,35,24
2023-02-03 14:00:00,10,75,64,0,0,31,35,28
2023-02-03 15:00:00,11,47,64,0,0,30,34,27
2023-02-03 16:00:00,12,19,64,0,0,30,34,26
2023-02-03 17:00:00,15,19,69,0,0,28,32,17
2023-02-03 18:00:00,9,19,78,0,0,28,31,14
2023-02-03 19:00:00,9,19,80,0,0,27,27,19
2023-02-03 20:00:00,8,44,77,0,0,26,26,19
2023-02-03 21:00:00,10,44,77,0,0,27,27,18
2023-02-03 22:00:00,9,44,77,0,0,26,26,19
2023-02-03 23:00:00,11,44,75,0,0,26,26,18
2023-02-04 00:00:00,6,44,75,0,0,26,26,16
2023-02-04 01:00:00,7,44,74,0,0,26,26,14
2023-02-04 02:00:00,4,44,79,0,0,25,25,11
2023-02-04 03:00:00,1,44,81,0,0,25,25,2
2023-02-04 04:00:00,0,44,82,0,0,24,24,3
2023-02-04 05:00:00,0,44,82,0,0,24,24,8
2023-02-04 06:00:00,0,19,83,0,0,24,24,21
2023-02-04 07:00:00,7,44,78,0,0,25,25,19
2023-02-04 08:00:00,7,75,73,0,0,27,29,20
2023-02-04 09:00:00,7,75,68,0,0,28,30,16
2023-02-04 10:00:00,9,44,67,0,0,29,32,19
2023-02-04 11:00:00,11,75,64,0,0,30,34,25
2023-02-04 12:00:00,12,75,59,0,0,30,33,28
2023-02-04 13:00:00,15,44,62,0,0,30,34,28
2023-02-04 14:00:00,13,75,63,0,0,30,34,24
2023-02-04 15:00:00,16,44,60,0,0,29,32,34
2023-02-04 16:00:00,15,75,62,0,0,29,31,32
2023-02-04 17:00:00,12,60,63,0,0,28,30,27
2023-02-04 18:00:00,10,44,64,0,0,27,29,22
2023-02-04 19:00:00,11,44,58,0,0,27,28,25
2023-02-04 20:00:00,10,19,69,0,0,26,26,19
2023-02-04 21:00:00,6,19,69,0,0,26,26,20
2023-02-04 22:00:00,5,19,73,0,0,25,25,12
2023-02-04 23:00:00,4,44,73,0,0,25,25,12
2023-02-05 00:00:00,4,44,75,0,0,25,25,5
2023-02-05 01:00:00,1,44,75,0,0,25,25,15
2023-02-05 02:00:00,7,19,79,0,0,24,24,9
2023-02-05 03:00:00,1,44,81,0,0,24,24,4
2023-02-05 04:00:00,1,44,80,0,0,24,24,3
2023-02-05 05:00:00,4,19,79,0,0,24,24,5
2023-02-05 06:00:00,2,75,80,0,0,24,24,2
2023-02-05 07:00:00,2,47,76,0,0,25,25,6
2023-02-05 08:00:00,3,19,73,0,0,26,26,9
2023-02-05 09:00:00,0,75,72,0,0,27,27,4
2023-02-05 10:00:00,2,75,71,0,0,27,29,4
2023-02-05 11:00:00,5,44,75,0,0,28,31,10
2023-02-05 12:00:00,7,75,69,0,0,29,33,16
2023-02-05 13:00:00,11,75,67,0,0,30,34,26
2023-02-05 14:00:00,16,44,61,0,0,30,34,22
2023-02-05 15:00:00,15,19,62,0,0,31,35,23
2023-02-05 16:00:00,11,19,66,0,0,31,36,25
2023-02-05 17:00:00,12,44,68,0,0,29,32,25
2023-02-05 18:00:00,12,44,76,0,0,27,30,27
2023-02-05 19:00:00,9,44,76,0,0,27,27,20
2023-02-05 20:00:00,12,44,71,0,0,27,27,24
2023-02-05 21:00:00,8,44,76,0,0,27,27,20
2023-02-05 22:00:00,10,44,75,0,0,27,27,18
2023-02-05 23:00:00,9,75,75,0,0,27,27,16
2023-02-06 00:00:00,7,75,76,0,0,27,27,14
2023-02-06 01:00:00,5,75,79,0,0,26,26,11
2023-02-06 02:00:00,4,75,81,0,0,26,26,8
2023-02-06 03:00:00,2,75,84,0,0,26,26,5
2023-02-06 04:00:00,2,75,84,0,0,26,26,4
2023-02-06 05:00:00,0,75,87,0,0,26,26,2
2023-02-06 06:00:00,3,75,86,0,0,25,25,3
2023-02-06 07:00:00,3,65,83,0,0,26,27,5
2023-02-06 08:00:00,4,54,79,0,0,27,29,8
2023-02-06 09:00:00,4,44,76,0,0,28,31,10
2023-02-06 10:00:00,6,44,73,0,0,29,33,20
2023-02-06 11:00:00,8,44,72,0,0,30,35,17
2023-02-06 12:00:00,5,44,68,0,0,30,34,15
2023-02-06 13:00:00,9,44,67,0,0,31,36,17
2023-02-06 14:00:00,8,75,68,0,0,30,35,25
2023-02-06 15:00:00,9,44,68,0,0,30,35,18
2023-02-06 16:00:00,10,44,69,0,0,30,35,17
2023-02-06 17:00:00,13,44,77,0,0,28,32,25
2023-02-06 18:00:00,12,75,77,0,0,27,30,20
2023-02-06 19:00:00,10,75,77,0,0,28,31,20
2023-02-06 20:00:00,11,44,78,0,0,27,29,15
2023-02-06 21:00:00,6,44,78,0,0,27,29,13
2023-02-06 22:00:00,5,44,80,0,0,27,27,11
2023-02-06 23:00:00,4,44,80,0,0,27,29,11
2023-02-07 00:00:00,5,19,81,0,0,27,27,13
2023-02-07 01:00:00,5,19,81,0,0,27,27,13
2023-02-07 02:00:00,4,25,84,0,0,26,26,10
2023-02-07 03:00:00,4,32,88,0,0,26,26,8
2023-02-07 04:00:00,3,38,91,0,0,25,25,5
2023-02-07 05:00:00,2,44,94,0,0,25,25,2
2023-02-07 06:00:00,0,44,88,0,0,25,25,2
2023-02-07 07:00:00,0,44,86,0,0,26,26,4
2023-02-07 08:00:00,0,44,78,0,0,28,32,7
2023-02-07 09:00:00,4,44,74,0,0,27,30,11
2023-02-07 10:00:00,8,75,72,0,0,29,32,9
2023-02-07 11:00:00,8,19,70,0,0,30,36,17
2023-02-07 12:00:00,13,44,69,0,0,31,36,26
2023-02-07 13:00:00,13,75,77,0,0,29,35,23
2023-02-07 14:00:00,8,75,74,0,0,28,30,24
2023-02-07 15:00:00,13,44,73,0,0,30,35,28
2023-02-07 16:00:00,10,44,74,0,0,30,35,24
2023-02-07 17:00:00,12,44,78,0,0,28,33,20
2023-02-07 18:00:00,8,19,81,0,0,27,31,21
2023-02-07 19:00:00,7,44,79,0,0,27,30,26
2023-02-07 20:00:00,9,19,81,0,0,27,30,13
2023-02-07 21:00:00,8,19,80,0,0,27,29,16
2023-02-07 22:00:00,7,19,77,0,0,27,29,19
2023-02-07 23:00:00,8,44,77,0,0,27,27,16
2023-02-08 00:00:00,5,44,76,0,0,27,27,14
2023-02-08 01:00:00,4,19,80,0,0,26,26,10
2023-02-08 02:00:00,4,19,82,0,0,26,26,9
2023-02-08 03:00:00,6,44,80,0,0,26,26,10
2023-02-08 04:00:00,3,75,85,0,0,25,25,10
2023-02-08 05:00:00,3,75,84,0,0,25,25,5
2023-02-08 06:00:00,2,44,87,0,0,24,24,4
2023-02-08 07:00:00,0,75,81,0,0,25,25,0
2023-02-08 08:00:00,3,75,75,0,0,27,30,6
2023-02-08 09:00:00,8,75,74,0,0,29,33,13
2023-02-08 10:00:00,9,75,68,0,0,30,34,23
2023-02-08 11:00:00,10,75,68,0,0,30,35,17
2023-02-08 12:00:00,13,75,64,0,0,31,36,26
2023-02-08 13:00:00,14,44,66,0,0,30,34,22
2023-02-08 14:00:00,13,75,67,1,5,30,35,24
2023-02-08 15:00:00,11,75,70,2,5,29,33,25
2023-02-08 16:00:00,8,44,80,0,0,28,32,24
2023-02-08 17:00:00,14,75,76,2,5,28,30,24
2023-02-08 18:00:00,8,75,89,0,0,25,25,15
2023-02-08 19:00:00,10,75,83,0,0,26,26,25
2023-02-08 20:00:00,7,75,82,0,0,26,26,16
2023-02-08 21:00:00,9,75,83,0,0,26,26,11
2023-02-08 22:00:00,8,75,79,0,0,26,26,17
2023-02-08 23:00:00,5,75,75,0,0,26,26,17
2023-02-09 00:00:00,3,75,80,0,0,25,25,10
2023-02-09 01:00:00,2,75,79,0,0,25,25,10
2023-02-09 02:00:00,2,75,78,0,0,25,25,4
2023-02-09 03:00:00,2,75,82,0,0,24,24,2
2023-02-09 04:00:00,4,75,81,0,0,25,25,13
2023-02-09 05:00:00,2,75,80,0,0,25,25,6
2023-02-09 06:00:00,2,44,82,0,0,24,24,3
2023-02-09 07:00:00,1,100,84,0,0,24,24,1
2023-02-09 08:00:00,5,100,73,0,0,26,26,5
2023-02-09 09:00:00,8,75,68,0,0,28,30,8
2023-02-09 10:00:00,13,75,59,0,0,30,32,32
2023-02-09 11:00:00,14,75,59,0,0,30,33,26
2023-02-09 12:00:00,11,75,58,0,0,30,33,25
2023-02-09 13:00:00,11,75,58,0,0,30,33,24
2023-02-09 14:00:00,16,75,55,0,0,31,33,26
2023-02-09 15:00:00,12,75,55,0,0,30,32,22
2023-02-09 16:00:00,12,75,60,0,0,29,31,20
2023-02-09 17:00:00,11,75,66,0,0,28,31,19
2023-02-09 18:00:00,7,75,69,0,0,27,29,13
2023-02-09 19:00:00,6,44,69,0,0,27,27,13
2023-02-09 20:00:00,4,44,72,0,0,26,26,5
2023-02-09 21:00:00,1,19,78,0,0,26,26,5
2023-02-09 22:00:00,0,19,79,0,0,25,25,5
2023-02-09 23:00:00,2,75,80,0,0,26,26,2
2023-02-10 00:00:00,0,44,78,0,0,25,25,1
2023-02-10 01:00:00,0,19,83,0,0,24,24,3
2023-02-10 02:00:00,1,19,89,0,0,24,24,4
2023-02-10 03:00:00,1,19,89,0,0,24,24,5
2023-02-10 04:00:00,0,44,84,0,0,24,24,2
2023-02-10 05:00:00,1,44,91,0,0,24,24,4
2023-02-10 06:00:00,1,44,88,0,0,23,23,4
2023-02-10 07:00:00,1,75,81,0,0,25,25,4
2023-02-10 08:00:00,2,75,69,0,0,28,30,5
2023-02-10 09:00:00,4,75,61,0,0,29,31,10
2023-02-10 10:00:00,6,75,60,0,0,30,33,12
2023-02-10 11:00:00,9,44,60,0,0,31,35,15
2023-02-10 12:00:00,12,19,62,0,0,32,36,20
2023-02-10 13:00:00,15,19,61,0,0,32,38,31
2023-02-10 14:00:00,12,19,62,0,0,32,37,29
2023-02-10 15:00:00,14,44,57,0,0,32,35,27
2023-02-10 16:00:00,15,44,59,0,0,31,35,25
2023-02-10 17:00:00,10,44,63,0,0,30,33,29
2023-02-10 18:00:00,12,44,65,0,0,28,31,20
2023-02-10 19:00:00,11,44,68,0,0,28,30,21
2023-02-10 20:00:00,9,44,70,0,0,27,30,18
2023-02-10 21:00:00,11,44,75,0,0,27,27,19
2023-02-10 22:00:00,9,44,74,0,0,27,27,17
2023-02-10 23:00:00,8,19,76,0,0,26,26,22
2023-02-11 00:00:00,10,19,78,0,0,26,26,17
2023-02-11 01:00:00,9,44,78,0,0,26,26,22
2023-02-11 02:00:00,8,19,79,0,0,26,26,17
2023-02-11 03:00:00,7,19,78,0,0,26,26,14
2023-02-11 04:00:00,9,19,79,0,0,25,25,24
2023-02-11 05:00:00,4,19,80,0,0,24,24,15
2023-02-11 06:00:00,5,19,82,0,0,24,24,14
2023-02-11 07:00:00,3,19,78,0,0,25,25,11
2023-02-11 08:00:00,5,19,74,0,0,27,30,11
2023-02-11 09:00:00,4,44,66,0,0,28,30,12
2023-02-11 10:00:00,7,44,59,0,0,30,34,17
2023-02-11 11:00:00,12,19,63,0,0,31,36,25
2023-02-11 12:00:00,13,44,61,0,0,31,36,29
2023-02-11 13:00:00,18,44,66,0,0,30,34,41
2023-02-11 14:00:00,17,75,67,0,0,30,35,31
2023-02-11 15:00:00,14,75,63,0,0,30,34,30
2023-02-11 16:00:00,18,19,63,0,0,31,35,20
2023-02-11 17:00:00,14,44,60,0,0,30,33,14
2023-02-11 18:00:00,8,19,71,0,0,28,32,16
2023-02-11 19:00:00,10,44,73,0,0,27,30,20
2023-02-11 20:00:00,12,44,76,0,0,27,29,25
2023-02-11 21:00:00,11,44,80,0,0,27,27,25
2023-02-11 22:00:00,9,44,79,0,0,26,26,19
2023-02-11 23:00:00,12,19,79,0,0,26,26,22
2023-02-12 00:00:00,10,19,79,0,0,26,26,20
2023-02-12 01:00:00,9,19,79,0,0,26,26,22
2023-02-12 02:00:00,10,19,82,0,0,26,26,19
2023-02-12 03:00:00,9,44,84,0,0,26,26,20
2023-02-12 04:00:00,7,44,83,0,0,26,26,18
2023-02-12 05:00:00,6,75,82,0,0,26,26,18
2023-02-12 06:00:00,6,47,79,0,0,26,26,14
2023-02-12 07:00:00,7,19,76,0,0,26,26,11
2023-02-12 08:00:00,5,19,72,0,0,28,31,11
2023-02-12 09:00:00,6,44,65,0,0,29,32,13
2023-02-12 10:00:00,6,44,63,0,0,30,33,10
2023-02-12 11:00:00,8,19,66,0,0,31,37,15
2023-02-12 12:00:00,14,19,62,0,0,32,37,24
2023-02-12 13:00:00,16,44,56,0,0,32,36,21
2023-02-12 14:00:00,16,44,56,0,0,33,38,27
2023-02-12 15:00:00,16,44,58,0,0,32,36,27
2023-02-12 16:00:00,13,19,63,0,0,32,38,29
2023-02-12 17:00:00,12,32,64,0,0,30,35,23
2023-02-12 18:00:00,12,44,66,0,0,29,32,17
2023-02-12 19:00:00,10,44,73,0,0,28,30,23
2023-02-12 20:00:00,13,44,74,0,0,27,30,22
2023-02-12 21:00:00,11,44,74,0,0,27,29,25
2023-02-12 22:00:00,9,44,75,0,0,27,27,17
2023-02-12 23:00:00,9,44,75,0,0,27,27,21
2023-02-13 00:00:00,6,19,77,0,0,26,26,10
2023-02-13 01:00:00,5,44,80,0,0,25,25,8
2023-02-13 02:00:00,3,44,81,0,0,25,25,7
2023-02-13 03:00:00,2,19,83,0,0,24,24,8
2023-02-13 04:00:00,2,19,84,0,0,24,24,5
2023-02-13 05:00:00,1,19,87,0,0,24,24,5
2023-02-13 06:00:00,1,44,89,0,0,24,24,3
2023-02-13 07:00:00,0,44,77,0,0,26,26,3
2023-02-13 08:00:00,0,19,68,0,0,28,30,2
2023-02-13 09:00:00,6,19,62,0,0,29,32,9
2023-02-13 10:00:00,4,44,63,0,0,29,32,14
2023-02-13 11:00:00,7,44,65,0,0,30,34,8
2023-02-13 12:00:00,5,19,65,0,0,30,34,11
2023-02-13 13:00:00,7,44,66,0,0,29,33,13
2023-02-13 14:00:00,2,44,68,0,0,29,33,7
2023-02-13 15:00:00,6,44,66,0,0,30,35,23
2023-02-13 16:00:00,11,44,67,0,0,30,34,17
2023-02-13 17:00:00,13,44,71,0,0,29,33,22
2023-02-13 18:00:00,11,44,72,0,0,28,31,19
2023-02-13 19:00:00,6,19,74,0,0,27,30,16
2023-02-13 20:00:00,8,19,74,0,0,27,29,24
2023-02-13 21:00:00,8,19,75,0,0,27,27,18
2023-02-13 22:00:00,5,44,77,0,0,26,26,9
2023-02-13 23:00:00,3,75,78,0,0,26,26,5
2023-02-14 00:00:00,3,44,77,0,0,26,26,7
2023-02-14 01:00:00,2,44,80,0,0,25,25,5
2023-02-14 02:00:00,2,44,81,0,0,24,24,4
2023-02-14 03:00:00,0,19,85,0,0,24,24,4
2023-02-14 04:00:00,0,44,85,0,0,24,24,1
2023-02-14 05:00:00,3,19,88,0,0,24,24,7
2023-02-14 06:00:00,4,19,89,0,0,23,23,6
2023-02-14 07:00:00,3,19,80,0,0,25,25,9
2023-02-14 08:00:00,2,19,74,0,0,27,29,8
2023-02-14 09:00:00,5,19,69,0,0,28,30,9
2023-02-14 10:00:00,6,19,66,0,0,29,32,16
2023-02-14 11:00:00,4,32,66,0,0,29,33,16
2023-02-14 12:00:00,3,44,66,0,0,30,34,15
2023-02-14 13:00:00,3,44,70,0,0,30,36,8
2023-02-14 14:00:00,6,44,69,0,0,30,35,6
2023-02-14 15:00:00,7,44,68,0,0,30,35,11
2023-02-14 16:00:00,9,44,66,0,0,30,35,24
2023-02-14 17:00:00,14,44,67,0,0,29,32,28
2023-02-14 18:00:00,16,44,65,0,0,28,31,24
2023-02-14 19:00:00,9,19,71,0,0,27,30,19
2023-02-14 20:00:00,9,44,65,0,0,27,29,19
2023-02-14 21:00:00,8,44,70,0,0,27,27,18
2023-02-14 22:00:00,7,44,73,0,0,26,26,18
2023-02-14 23:00:00,7,44,73,0,0,26,26,16
2023-02-15 00:00:00,6,44,73,0,0,26,26,16
2023-02-15 01:00:00,4,44,70,0,0,26,26,11
2023-02-15 02:00:00,5,44,74,0,0,25,25,12
2023-02-15 03:00:00,4,44,74,0,0,25,25,11
2023-02-15 04:00:00,2,19,74,0,0,24,24,11
2023-02-15 05:00:00,4,44,78,0,0,24,24,12
2023-02-15 06:00:00,4,44,50,0,0,23,23,13
2023-02-15 07:00:00,4,75,74,0,0,24,24,15
2023-02-15 08:00:00,2,75,65,0,0,26,26,14
2023-02-15 09:00:00,5,75,55,0,0,28,29,18
2023-02-15 10:00:00,2,44,51,0,0,29,30,27
2023-02-15 11:00:00,11,75,59,0,0,30,33,17
2023-02-15 12:00:00,20,75,43,0,0,32,33,32
2023-02-15 13:00:00,22,44,49,0,0,31,32,36
2023-02-15 14:00:00,20,44,41,0,0,32,32,38
2023-02-15 15:00:00,20,44,41,0,0,32,32,35
2023-02-15 16:00:00,18,19,50,0,0,30,32,28
2023-02-15 17:00:00,19,17,59,0,0,27,28,29
2023-02-15 18:00:00,18,19,48,0,0,29,30,25
2023-02-15 19:00:00,15,44,51,0,0,28,28,25
2023-02-15 20:00:00,9,19,58,0,0,27,28,28
2023-02-15 21:00:00,11,44,58,0,0,27,28,27
2023-02-15 22:00:00,11,19,66,0,0,27,28,23
2023-02-15 23:00:00,8,44,70,0,0,26,26,21
2023-02-16 00:00:00,11,44,70,0,0,26,26,20
2023-02-16 01:00:00,8,75,66,0,0,27,28,18
2023-02-16 02:00:00,9,75,70,0,0,26,26,12
2023-02-16 03:00:00,5,44,70,0,0,26,26,13
2023-02-16 04:00:00,9,44,70,0,0,26,26,14
2023-02-16 05:00:00,13,44,74,0,0,25,25,13
2023-02-16 06:00:00,5,44,74,0,0,25,25,16
2023-02-16 07:00:00,2,75,70,0,0,26,26,18
2023-02-16 08:00:00,11,44,62,0,0,28,30,19
2023-02-16 09:00:00,13,44,58,0,0,29,31,26
2023-02-16 10:00:00,15,44,55,0,0,30,32,32
2023-02-16 11:00:00,18,44,55,0,0,30,32,38
2023-02-16 12:00:00,24,19,49,0,0,32,34,39
2023-02-16 13:00:00,29,44,49,0,0,31,32,52
2023-02-16 14:00:00,28,75,49,0,0,31,32,46
2023-02-16 15:00:00,10,40,58,0,0,30,33,32
2023-02-16 16:00:00,24,44,52,0,0,30,31,44
2023-02-16 17:00:00,28,19,51,0,0,29,30,29
2023-02-16 18:00:00,20,44,55,0,0,28,29,29
2023-02-16 19:00:00,17,44,58,0,0,27,28,25
2023-02-16 20:00:00,17,44,61,0,0,26,26,23
2023-02-16 21:00:00,13,44,61,0,0,26,26,19
2023-02-16 22:00:00,11,44,61,0,0,26,26,18
2023-02-16 23:00:00,13,19,61,0,0,26,26,18
2023-02-17 00:00:00,9,19,63,0,0,26,26,14
2023-02-17 01:00:00,5,19,65,0,0,25,25,9
2023-02-17 02:00:00,9,44,65,0,0,25,25,12
2023-02-17 03:00:00,7,32,69,0,0,24,24,12
2023-02-17 04:00:00,5,19,73,0,0,23,23,11
2023-02-17 05:00:00,2,44,69,0,0,23,23,11
2023-02-17 06:00:00,4,44,74,0,0,23,23,13
2023-02-17 07:00:00,5,75,69,0,0,24,24,13
2023-02-17 08:00:00,4,60,64,0,0,26,26,20
2023-02-17 09:00:00,4,44,58,0,0,27,28,28
2023-02-17 10:00:00,20,44,48,0,0,29,30,31
2023-02-17 11:00:00,26,44,46,0,0,30,30,31
2023-02-17 12:00:00,20,44,38,0,0,31,31,33
2023-02-17 13:00:00,18,19,41,0,0,32,32,43
2023-02-17 14:00:00,18,19,54,0,0,30,32,32
2023-02-17 15:00:00,20,75,49,0,0,30,31,36
2023-02-17 16:00:00,26,75,49,0,0,30,31,32
2023-02-17 17:00:00,24,60,52,0,0,29,30,30
2023-02-17 18:00:00,22,44,55,0,0,28,29,28
2023-02-17 19:00:00,11,44,55,0,0,28,29,26
2023-02-17 20:00:00,9,44,66,0,0,27,28,25
2023-02-17 21:00:00,8,75,70,0,0,27,29,25
2023-02-17 22:00:00,13,75,74,0,0,26,26,24
2023-02-17 23:00:00,8,44,70,0,0,26,26,21
2023-02-18 00:00:00,9,44,78,0,0,25,25,16
2023-02-18 01:00:00,5,75,74,0,0,26,26,12
2023-02-18 02:00:00,4,19,74,0,0,25,25,10
2023-02-18 03:00:00,5,19,78,0,0,24,24,10
2023-02-18 04:00:00,8,19,78,0,0,24,24,12
2023-02-18 05:00:00,8,19,78,0,0,24,24,15
2023-02-18 06:00:00,8,19,74,0,0,25,25,17
2023-02-18 07:00:00,5,44,78,0,0,24,24,16
2023-02-18 08:00:00,4,44,70,0,0,26,26,12
2023-02-18 09:00:00,8,44,58,0,0,28,29,17
2023-02-18 10:00:00,5,44,62,0,0,28,30,25
2023-02-18 11:00:00,5,44,59,0,0,30,32,31
2023-02-18 12:00:00,9,75,58,0,0,29,31,30
2023-02-18 13:00:00,9,75,59,0,0,30,32,30
2023-02-18 14:00:00,13,75,52,0,5,31,33,29
2023-02-18 15:00:00,17,75,59,0,5,30,33,26
2023-02-18 16:00:00,18,75,58,0,5,29,31,20
2023-02-18 17:00:00,17,75,58,0,5,29,31,17
2023-02-18 18:00:00,18,75,62,1,5,28,30,18
2023-02-18 19:00:00,17,75,66,0,5,27,28,17
2023-02-18 20:00:00,17,75,70,1,5,27,29,17
2023-02-18 21:00:00,13,75,70,0,5,27,29,13
2023-02-18 22:00:00,8,75,70,1,5,27,29,8
2023-02-18 23:00:00,8,75,66,1,5,27,28,9
2023-02-19 00:00:00,13,75,66,1,5,27,28,19
2023-02-19 01:00:00,20,75,70,0,5,27,29,22
2023-02-19 02:00:00,18,75,70,1,5,27,29,22
2023-02-19 03:00:00,17,75,70,0,5,27,29,24
2023-02-19 04:00:00,15,100,70,0,5,27,29,26
2023-02-19 05:00:00,13,100,74,1,5,26,26,28
2023-02-19 06:00:00,8,100,87,1,5,25,25,8
2023-02-19 07:00:00,8,100,89,0,5,24,24,24
2023-02-19 08:00:00,2,100,89,0,5,24,24,26
2023-02-19 09:00:00,8,100,83,0,5,25,25,26
2023-02-19 10:00:00,6,100,93,1,5,24,24,6
2023-02-19 11:00:00,4,100,94,0,5,24,24,24
2023-02-19 12:00:00,13,100,89,0,5,25,25,20
2023-02-19 13:00:00,13,100,89,0,5,25,25,20
2023-02-19 14:00:00,9,100,78,0,0,27,27,16
2023-02-19 15:00:00,11,100,89,3,5,26,26,23
2023-02-19 16:00:00,13,100,84,0,5,26,26,20
2023-02-19 17:00:00,9,100,84,0,5,26,26,19
2023-02-19 18:00:00,9,75,94,0,0,25,25,16
2023-02-19 19:00:00,9,100,89,0,0,26,26,12
2023-02-19 20:00:00,5,100,89,0,0,26,26,11
2023-02-19 21:00:00,4,100,89,0,0,26,26,11
2023-02-19 22:00:00,4,100,89,0,0,25,25,11
2023-02-19 23:00:00,4,44,89,0,0,25,25,10
2023-02-20 00:00:00,4,44,94,0,0,25,25,9
2023-02-20 01:00:00,4,19,94,0,0,25,25,8
2023-02-20 02:00:00,4,19,89,0,0,25,25,6
2023-02-20 03:00:00,4,19,94,0,0,24,24,6
2023-02-20 04:00:00,2,44,94,0,0,24,24,7
2023-02-20 05:00:00,4,19,94,0,0,24,24,5
2023-02-20 06:00:00,4,19,94,0,0,24,24,6
2023-02-20 07:00:00,2,75,94,0,0,25,25,6
2023-02-20 08:00:00,5,44,89,0,0,26,26,7
2023-02-20 09:00:00,4,44,84,0,0,27,30,9
2023-02-20 10:00:00,8,75,79,0,0,29,34,10
2023-02-20 11:00:00,8,44,74,0,0,29,34,9
2023-02-20 12:00:00,9,44,70,0,0,30,35,9
2023-02-20 13:00:00,9,75,66,0,0,31,36,10
2023-02-20 14:00:00,17,75,84,0,0,28,33,17
2023-02-20 15:00:00,13,75,70,0,0,29,33,16
2023-02-20 16:00:00,13,75,70,0,0,29,33,13
2023-02-20 17:00:00,9,75,70,0,0,29,33,14
2023-02-20 18:00:00,9,75,84,0,0,28,33,18
2023-02-20 19:00:00,9,100,84,0,0,27,30,14
2023-02-20 20:00:00,8,100,89,0,0,26,26,9
2023-02-20 21:00:00,9,100,89,0,0,26,26,9
2023-02-20 22:00:00,5,100,89,0,0,26,26,13
2023-02-20 23:00:00,8,100,84,0,0,26,26,13
2023-02-21 00:00:00,5,100,89,0,0,26,26,15
2023-02-21 01:00:00,4,100,89,0,0,26,26,17
2023-02-21 02:00:00,5,100,89,0,0,26,26,10
2023-02-21 03:00:00,2,75,89,0,0,26,26,10
2023-02-21 04:00:00,4,100,89,0,0,26,26,10
2023-02-21 05:00:00,2,100,94,0,0,25,25,8
2023-02-21 06:00:00,4,100,94,0,0,25,25,7
2023-02-21 07:00:00,4,100,89,0,0,26,26,9
2023-02-21 08:00:00,9,100,89,0,0,26,26,12
2023-02-21 09:00:00,8,100,89,0,0,26,26,15
2023-02-21 10:00:00,8,100,84,0,0,26,26,18
2023-02-21 11:00:00,5,100,84,0,0,27,30,18
2023-02-21 12:00:00,8,100,84,0,0,27,30,18
2023-02-21 13:00:00,5,100,79,0,0,28,32,17
2023-02-21 14:00:00,8,75,74,0,0,29,34,12
2023-02-21 15:00:00,9,75,62,0,0,29,31,11
2023-02-21 16:00:00,2,75,71,0,0,28,31,7
2023-02-21 17:00:00,8,75,70,0,0,28,31,13
2023-02-21 18:00:00,5,100,70,0,0,28,31,16
2023-02-21 19:00:00,11,100,70,0,0,27,29,20
2023-02-21 20:00:00,8,100,70,0,0,27,29,21
2023-02-21 21:00:00,8,100,70,0,0,27,29,18
2023-02-21 22:00:00,8,19,74,0,0,26,26,17
2023-02-21 23:00:00,7,44,80,0,0,26,26,14
2023-02-22 00:00:00,8,19,78,0,0,25,25,12
2023-02-22 01:00:00,7,44,80,0,0,25,25,10
2023-02-22 02:00:00,5,44,79,0,0,25,25,17
2023-02-22 03:00:00,5,19,78,0,0,25,25,16
2023-02-22 04:00:00,4,19,83,0,0,24,24,15
2023-02-22 05:00:00,0,44,89,0,0,23,23,16
2023-02-22 06:00:00,0,44,89,0,0,23,23,16
2023-02-22 07:00:00,4,19,89,0,0,23,23,16
2023-02-22 08:00:00,8,44,74,0,0,26,26,11
2023-02-22 09:00:00,5,44,66,0,0,27,28,9
2023-02-22 10:00:00,4,75,58,0,0,29,31,11
2023-02-22 11:00:00,5,44,55,0,0,30,32,10
2023-02-22 12:00:00,9,44,59,0,0,30,33,12
2023-02-22 13:00:00,11,75,55,0,0,31,34,14
2023-02-22 14:00:00,13,44,62,0,0,30,33,13
2023-02-22 15:00:00,11,44,55,0,0,31,34,11
2023-02-22 16:00:00,13,75,59,0,0,30,33,13
2023-02-22 17:00:00,9,75,62,0,0,29,31,19
2023-02-22 18:00:00,8,44,62,0,0,29,31,24
2023-02-22 19:00:00,8,44,66,0,0,28,30,23
2023-02-22 20:00:00,9,19,70,0,0,27,29,19
2023-02-22 21:00:00,5,44,74,0,0,27,29,17
2023-02-22 22:00:00,8,44,74,0,0,26,26,17
2023-02-22 23:00:00,8,44,74,0,0,26,26,18
2023-02-23 00:00:00,5,75,74,0,0,26,26,16
2023-02-23 01:00:00,5,75,74,0,0,26,26,14
2023-02-23 02:00:00,5,19,78,0,0,25,25,11
2023-02-23 03:00:00,5,44,78,0,0,25,25,10
2023-02-23 04:00:00,4,44,78,0,0,25,25,10
2023-02-23 05:00:00,4,44,83,0,0,25,25,8
2023-02-23 06:00:00,4,44,83,0,0,25,25,8
2023-02-23 07:00:00,4,44,89,0,0,24,24,9
2023-02-23 08:00:00,4,44,79,0,0,27,30,9
2023-02-23 09:00:00,9,19,74,0,0,28,31,10
2023-02-23 10:00:00,15,44,66,0,0,29,32,15
2023-02-23 11:00:00,17,44,66,0,0,29,32,17
2023-02-23 12:00:00,15,19,66,0,0,30,34,35
2023-02-23 13:00:00,20,19,70,0,0,30,35,20
2023-02-23 14:00:00,18,44,70,0,0,30,35,18
2023-02-23 15:00:00,20,19,59,0,0,31,34,20
2023-02-23 16:00:00,22,19,66,0,0,30,34,22
2023-02-23 17:00:00,20,19,70,0,0,29,33,20
2023-02-23 18:00:00,17,19,79,0,0,28,32,17
2023-02-23 19:00:00,9,19,79,0,0,27,30,14
2023-02-23 20:00:00,5,19,74,0,0,28,31,14
2023-02-23 21:00:00,4,19,84,0,0,27,30,13
2023-02-23 22:00:00,5,44,84,0,0,27,30,12
2023-02-23 23:00:00,2,19,84,0,0,26,26,11
2023-02-24 00:00:00,5,19,89,0,0,26,26,24
2023-02-24 01:00:00,5,44,84,0,0,27,30,10
2023-02-24 02:00:00,13,44,84,0,0,26,26,13
2023-02-24 03:00:00,8,44,84,0,0,26,26,8
2023-02-24 04:00:00,8,19,84,0,0,26,26,8
2023-02-24 05:00:00,8,19,84,0,0,26,26,8
2023-02-24 06:00:00,11,19,84,0,0,26,26,11
2023-02-24 07:00:00,4,44,89,0,0,25,25,8
2023-02-24 08:00:00,4,19,74,0,0,28,31,7
2023-02-24 09:00:00,9,44,79,0,0,28,32,9
2023-02-24 10:00:00,13,44,79,0,0,28,32,13
2023-02-24 11:00:00,11,44,74,0,0,29,34,11
2023-02-24 12:00:00,11,75,70,0,0,30,35,13
2023-02-24 13:00:00,11,75,66,0,0,30,34,13
2023-02-24 14:00:00,9,75,59,0,0,32,37,9
2023-02-24 15:00:00,10,44,61,0,0,32,37,16
2023-02-24 16:00:00,9,44,56,0,0,33,38,9
2023-02-24 17:00:00,9,19,56,0,0,32,36,9
2023-02-24 18:00:00,5,44,63,0,0,31,36,6
2023-02-24 19:00:00,5,44,66,0,0,30,34,15
2023-02-24 20:00:00,5,19,66,0,0,30,34,22
2023-02-24 21:00:00,5,19,74,0,0,29,34,26
2023-02-24 22:00:00,5,44,79,0,0,28,32,24
2023-02-24 23:00:00,4,44,74,0,0,28,31,18
2023-02-25 00:00:00,5,100,79,0,0,28,32,13
2023-02-25 01:00:00,5,75,84,0,0,27,30,10
2023-02-25 02:00:00,4,75,79,0,0,27,30,6
2023-02-25 03:00:00,4,19,84,0,0,26,26,7
2023-02-25 04:00:00,4,75,84,0,0,26,26,7
2023-02-25 05:00:00,5,75,79,0,0,27,30,6
2023-02-25 06:00:00,8,44,79,0,0,26,26,9
2023-02-25 07:00:00,4,75,79,0,0,26,26,12
2023-02-25 08:00:00,4,75,66,0,0,29,32,13
2023-02-25 09:00:00,8,75,66,0,0,30,34,15
2023-02-25 10:00:00,4,44,67,0,0,31,36,6
2023-02-25 11:00:00,9,44,59,0,0,32,37,16
2023-02-25 12:00:00,13,44,62,0,0,31,36,19
2023-02-25 13:00:00,11,44,63,0,0,31,36,20
2023-02-25 14:00:00,11,44,53,0,0,34,39,18
2023-02-25 15:00:00,18,75,59,0,0,33,39,23
2023-02-25 16:00:00,18,75,59,0,0,32,37,28
2023-02-25 17:00:00,15,75,66,0,0,31,36,28
2023-02-25 18:00:00,15,44,70,0,0,29,33,23
2023-02-25 19:00:00,8,75,78,0,0,28,33,21
2023-02-25 20:00:00,11,75,79,0,0,28,32,16
2023-02-25 21:00:00,11,75,79,0,0,28,32,14
2023-02-25 22:00:00,9,75,74,0,0,28,31,14
2023-02-25 23:00:00,8,75,74,0,0,28,31,13
2023-02-26 00:00:00,5,44,74,0,0,28,31,13
2023-02-26 01:00:00,8,75,74,0,0,28,31,13
2023-02-26 02:00:00,5,75,74,0,0,28,31,10
2023-02-26 03:00:00,5,75,70,0,0,28,31,11
2023-02-26 04:00:00,9,75,66,0,5,28,30,13
2023-02-26 05:00:00,9,19,70,0,0,27,29,13
2023-02-26 06:00:00,13,44,70,0,0,27,29,13
2023-02-26 07:00:00,8,44,70,0,0,27,29,13
2023-02-26 08:00:00,5,44,62,0,0,29,31,13
2023-02-26 09:00:00,4,44,62,0,0,30,33,19
2023-02-26 10:00:00,17,44,59,0,0,31,35,28
2023-02-26 11:00:00,18,44,52,0,0,32,35,33
2023-02-26 12:00:00,20,44,56,0,0,32,36,36
2023-02-26 13:00:00,24,44,52,0,0,32,35,34
2023-02-26 14:00:00,19,44,69,0,0,31,37,34
2023-02-26 15:00:00,20,44,59,0,0,31,34,29
2023-02-26 16:00:00,11,75,59,0,0,30,34,17
2023-02-26 17:00:00,24,75,59,0,0,30,32,24
2023-02-26 18:00:00,20,75,62,0,0,29,31,39
2023-02-26 19:00:00,18,75,62,0,0,29,31,20
2023-02-26 20:00:00,17,75,66,0,0,28,30,21
2023-02-26 21:00:00,9,100,66,0,0,28,30,21
2023-02-26 22:00:00,15,44,62,0,0,28,30,20
2023-02-26 23:00:00,8,44,70,0,0,27,29,19
2023-02-27 00:00:00,9,44,70,0,0,27,29,18
2023-02-27 01:00:00,8,75,70,0,0,27,29,18
2023-02-27 02:00:00,8,44,70,0,0,27,29,18
2023-02-27 03:00:00,5,44,74,0,0,26,26,18
2023-02-27 04:00:00,5,44,74,0,0,26,26,20
2023-02-27 05:00:00,4,75,74,0,0,26,26,20
2023-02-27 06:00:00,4,44,74,0,0,26,26,21
2023-02-27 07:00:00,11,44,66,0,0,27,28,22
2023-02-27 08:00:00,15,19,58,0,0,29,31,22
2023-02-27 09:00:00,20,19,55,0,0,30,32,25
2023-02-27 10:00:00,18,44,55,0,0,30,32,30
2023-02-27 11:00:00,17,75,55,0,0,30,32,35
2023-02-27 12:00:00,20,75,55,0,0,31,34,39
2023-02-27 13:00:00,24,44,49,0,0,32,34,33
2023-02-27 14:00:00,28,44,52,0,0,31,33,32
2023-02-27 15:00:00,22,44,52,0,0,31,33,27
2023-02-27 16:00:00,26,19,49,0,0,31,32,26
2023-02-27 17:00:00,24,19,55,0,0,29,30,43
2023-02-27 18:00:00,20,44,58,0,0,28,29,20
2023-02-27 19:00:00,17,19,58,0,0,27,28,17
2023-02-27 20:00:00,16,19,58,0,0,27,28,16
2023-02-27 21:00:00,15,19,58,0,0,27,28,15
2023-02-27 22:00:00,13,19,62,0,0,27,28,16
2023-02-27 23:00:00,9,44,66,0,0,26,26,15
2023-02-28 00:00:00,11,44,65,0,0,26,26,19
2023-02-28 01:00:00,8,44,65,0,0,26,26,18
2023-02-28 02:00:00,9,19,65,0,0,26,26,17
2023-02-28 03:00:00,9,19,69,0,0,25,25,18
2023-02-28 04:00:00,9,19,69,0,0,25,25,19
2023-02-28 05:00:00,15,44,61,0,0,26,26,19
2023-02-28 06:00:00,15,44,65,0,0,25,25,21
2023-02-28 07:00:00,11,44,65,0,0,25,25,22
2023-02-28 08:00:00,9,44,62,0,0,27,28,25
2023-02-28 09:00:00,9,44,62,0,0,28,30,27
2023-02-28 10:00:00,20,44,52,0,0,30,31,29
2023-02-28 11:00:00,18,44,52,0,0,30,31,29
2023-02-28 12:00:00,11,44,52,0,0,30,31,26
2023-02-28 13:00:00,13,44,52,0,0,32,35,29
2023-02-28 14:00:00,17,44,52,0,0,31,33,30
2023-02-28 15:00:00,15,44,52,0,0,31,33,29
2023-02-28 16:00:00,15,44,55,0,0,30,32,26
2023-02-28 17:00:00,11,44,58,0,0,29,31,22
2023-02-28 18:00:00,9,44,58,0,0,28,29,21
2023-02-28 19:00:00,9,44,58,0,0,28,29,20
2023-02-28 20:00:00,11,44,62,0,0,27,28,17
2023-02-28 21:00:00,8,44,62,0,0,27,28,15
2023-02-28 22:00:00,5,19,65,0,0,26,26,15
2023-02-28 23:00:00,4,44,70,0,0,26,26,14
2023-03-01 00:00:00,4,44,69,0,0,25,25,11
2023-03-01 01:00:00,2,44,72,0,0,26,26,10
2023-03-01 02:00:00,0,19,78,0,0,24,24,9
2023-03-01 03:00:00,5,19,78,0,0,24,24,9
2023-03-01 04:00:00,0,19,87,0,0,24,24,0
2023-03-01 05:00:00,4,44,78,0,0,24,24,10
2023-03-01 06:00:00,4,19,78,0,0,24,24,13
2023-03-01 07:00:00,4,44,78,0,0,24,24,14
2023-03-01 08:00:00,1,19,71,0,0,27,29,1
2023-03-01 09:00:00,5,44,67,0,0,28,30,7
2023-03-01 10:00:00,4,44,59,0,0,30,33,18
2023-03-01 11:00:00,5,75,65,0,0,30,33,7
2023-03-01 12:00:00,10,75,62,0,0,30,34,10
2023-03-01 13:00:00,17,75,62,0,0,30,33,22
2023-03-01 14:00:00,13,75,70,0,0,29,33,16
2023-03-01 15:00:00,9,75,66,0,0,30,34,21
2023-03-01 16:00:00,9,75,66,0,0,30,34,24
2023-03-01 17:00:00,16,26,70,0,0,28,30,24
2023-03-01 18:00:00,8,44,74,0,0,28,31,27
2023-03-01 19:00:00,11,44,79,0,0,27,30,27
2023-03-01 20:00:00,11,44,74,0,0,27,29,25
2023-03-01 21:00:00,11,44,79,0,0,27,30,24
2023-03-01 22:00:00,8,44,84,0,0,26,26,24
2023-03-01 23:00:00,8,44,84,0,0,26,26,22
2023-03-02 00:00:00,5,44,84,0,0,26,26,20
2023-03-02 01:00:00,4,44,83,0,0,25,25,16
2023-03-02 02:00:00,0,44,85,0,0,26,26,1
2023-03-02 03:00:00,2,19,85,0,0,25,25,2
2023-03-02 04:00:00,4,44,83,0,0,25,25,18
2023-03-02 05:00:00,4,19,83,0,0,25,25,21
2023-03-02 06:00:00,9,44,83,0,0,25,25,27
2023-03-02 07:00:00,8,75,79,0,0,26,26,28
2023-03-02 08:00:00,16,100,70,0,0,27,27,26
2023-03-02 09:00:00,11,75,66,0,0,28,30,27
2023-03-02 10:00:00,11,75,66,0,0,28,30,28
2023-03-02 11:00:00,11,75,59,0,0,30,32,30
2023-03-02 12:00:00,15,75,94,0,0,21,21,34
2023-03-02 13:00:00,13,75,52,0,0,30,31,34
2023-03-02 14:00:00,15,75,55,0,0,30,32,34
2023-03-02 15:00:00,13,75,58,0,0,31,34,23
2023-03-02 16:00:00,18,75,52,0,0,30,31,34
2023-03-02 17:00:00,11,44,58,0,0,29,31,29
2023-03-02 18:00:00,17,44,55,0,0,28,29,26
2023-03-02 19:00:00,13,19,58,0,0,27,28,23
2023-03-02 20:00:00,9,44,61,0,0,26,26,24
2023-03-02 21:00:00,11,75,61,0,0,26,26,23
2023-03-02 22:00:00,15,44,74,0,0,25,25,22
2023-03-02 23:00:00,11,19,69,0,0,25,25,19
2023-03-03 00:00:00,9,19,69,0,0,25,25,15
2023-03-03 01:00:00,9,19,69,0,0,25,25,16
2023-03-03 02:00:00,5,19,74,0,0,24,24,16
2023-03-03 03:00:00,5,19,78,0,0,23,23,13
2023-03-03 04:00:00,4,44,78,0,0,23,23,12
2023-03-03 05:00:00,8,44,78,0,0,23,23,13
2023-03-03 06:00:00,8,44,74,0,0,24,24,13
2023-03-03 07:00:00,8,44,74,0,0,24,24,18
2023-03-03 08:00:00,9,19,65,0,0,26,26,25
2023-03-03 09:00:00,11,44,55,0,0,28,29,30
2023-03-03 10:00:00,13,19,55,0,0,29,30,34
2023-03-03 11:00:00,18,44,49,0,0,30,31,35
2023-03-03 12:00:00,18,44,46,0,0,31,32,32
2023-03-03 13:00:00,22,19,53,0,0,29,30,32
2023-03-03 14:00:00,18,75,44,0,0,33,35,30
2023-03-03 15:00:00,11,44,49,0,0,31,33,20
2023-03-03 16:00:00,20,44,46,0,0,31,32,28
2023-03-03 17:00:00,18,75,49,0,0,30,31,26
2023-03-03 18:00:00,15,44,55,0,0,28,29,24
2023-03-03 19:00:00,15,44,58,0,0,27,28,22
2023-03-03 20:00:00,11,75,62,0,0,27,28,23
2023-03-03 21:00:00,11,44,65,0,0,26,26,22
2023-03-03 22:00:00,9,19,70,0,0,26,26,19
2023-03-03 23:00:00,8,44,65,0,0,26,26,17
2023-03-04 00:00:00,4,44,69,0,0,25,25,14
2023-03-04 01:00:00,4,44,69,0,0,25,25,10
2023-03-04 02:00:00,4,44,69,0,0,25,25,7
2023-03-04 03:00:00,5,19,78,0,0,24,24,7
2023-03-04 04:00:00,5,44,78,0,0,24,24,7
2023-03-04 05:00:00,4,44,74,0,0,24,24,8
2023-03-04 06:00:00,4,19,74,0,0,24,24,8
2023-03-04 07:00:00,4,19,74,0,0,24,24,10
2023-03-04 08:00:00,2,44,70,0,0,26,26,10
2023-03-04 09:00:00,7,74,64,0,0,26,26,16
2023-03-04 10:00:00,8,44,66,0,0,27,28,16
2023-03-04 11:00:00,9,44,58,0,0,29,31,16
2023-03-04 12:00:00,11,44,58,0,0,29,31,19
2023-03-04 13:00:00,5,44,59,0,0,30,33,21
2023-03-04 14:00:00,15,75,52,0,0,31,33,22
2023-03-04 15:00:00,8,75,49,0,0,31,32,27
2023-03-04 16:00:00,13,75,49,0,0,31,32,32
2023-03-04 17:00:00,17,44,49,0,0,30,31,31
2023-03-04 18:00:00,15,44,55,0,0,29,30,29
2023-03-04 19:00:00,8,19,72,0,0,26,26,18
2023-03-04 20:00:00,11,19,70,0,0,26,26,27
2023-03-04 21:00:00,9,44,70,0,0,26,26,22
2023-03-04 22:00:00,9,19,65,0,0,26,26,18
2023-03-04 23:00:00,8,19,61,0,0,26,26,19
2023-03-05 00:00:00,2,44,69,0,0,25,25,19
2023-03-05 01:00:00,5,19,74,0,0,25,25,17
2023-03-05 02:00:00,0,19,78,0,0,23,23,10
2023-03-05 03:00:00,4,44,78,0,0,24,24,13
2023-03-05 04:00:00,4,44,78,0,0,23,23,18
2023-03-05 05:00:00,4,19,78,0,0,23,23,20
2023-03-05 06:00:00,8,44,78,0,0,23,23,21
2023-03-05 07:00:00,11,44,74,0,0,24,24,19
2023-03-05 08:00:00,9,44,65,0,0,26,26,22
2023-03-05 09:00:00,9,44,62,0,0,28,30,23
2023-03-05 10:00:00,11,19,58,0,0,29,31,26
2023-03-05 11:00:00,8,19,58,0,0,29,31,27
2023-03-05 12:00:00,11,44,46,0,0,31,32,26
2023-03-05 13:00:00,13,44,43,0,0,32,33,28
2023-03-05 14:00:00,15,19,49,0,0,31,32,26
2023-03-05 15:00:00,11,19,60,0,0,30,33,27
2023-03-05 16:00:00,18,19,52,0,0,30,31,32
2023-03-05 17:00:00,15,44,58,0,0,29,31,31
2023-03-05 18:00:00,15,44,62,0,0,27,28,28
2023-03-05 19:00:00,15,19,61,0,0,26,26,27
2023-03-05 20:00:00,11,19,61,0,0,26,26,23
2023-03-05 21:00:00,9,19,69,0,0,25,25,20
2023-03-05 22:00:00,11,44,69,0,0,25,25,15
2023-03-05 23:00:00,9,44,69,0,0,25,25,10
2023-03-06 00:00:00,8,44,69,0,0,25,25,8
2023-03-06 01:00:00,3,19,75,0,0,24,24,9
2023-03-06 02:00:00,8,44,69,0,0,24,24,11
2023-03-06 03:00:00,5,19,69,0,0,24,24,10
2023-03-06 04:00:00,5,44,69,0,0,24,24,12
2023-03-06 05:00:00,8,19,73,0,0,22,22,14
2023-03-06 06:00:00,4,44,74,0,0,23,23,14
2023-03-06 07:00:00,0,44,69,0,0,24,24,13
2023-03-06 08:00:00,2,44,61,0,0,26,26,15
2023-03-06 09:00:00,9,44,51,0,0,28,28,18
2023-03-06 10:00:00,8,44,52,0,0,29,30,22
2023-03-06 11:00:00,4,19,53,0,0,30,31,11
2023-03-06 12:00:00,13,44,46,0,0,31,32,30
2023-03-06 13:00:00,13,19,46,0,0,32,34,35
2023-03-06 14:00:00,18,44,49,0,0,31,32,38
2023-03-06 15:00:00,17,44,52,0,0,31,33,39
2023-03-06 16:00:00,4,19,49,0,0,31,32,37
2023-03-06 17:00:00,15,44,55,0,0,29,30,34
2023-03-06 18:00:00,13,44,55,0,0,28,29,30
2023-03-06 19:00:00,15,44,54,0,0,27,28,27
2023-03-06 20:00:00,11,44,61,0,0,26,26,25
2023-03-06 21:00:00,8,19,61,0,0,26,26,23
2023-03-06 22:00:00,8,44,69,0,0,25,25,20
2023-03-06 23:00:00,5,19,69,0,0,25,25,15
2023-03-07 00:00:00,5,44,69,0,0,25,25,9
2023-03-07 01:00:00,5,19,74,0,0,24,24,7
2023-03-07 02:00:00,4,44,74,0,0,24,24,10
2023-03-07 03:00:00,5,44,74,0,0,24,24,11
2023-03-07 04:00:00,0,44,78,0,0,23,23,11
2023-03-07 05:00:00,0,19,78,0,0,23,23,9
2023-03-07 06:00:00,8,44,78,0,0,23,23,10
2023-03-07 07:00:00,4,44,74,0,0,24,24,10
2023-03-07 08:00:00,2,44,62,0,0,27,28,11
2023-03-07 09:00:00,5,44,58,0,0,28,29,18
2023-03-07 10:00:00,9,44,55,0,0,29,30,22
2023-03-07 11:00:00,9,44,58,0,0,29,31,21
2023-03-07 12:00:00,5,44,62,0,0,29,31,22
2023-03-07 13:00:00,20,44,52,0,0,31,33,25
2023-03-07 14:00:00,18,44,52,0,0,31,33,37
2023-03-07 15:00:00,18,44,52,0,0,31,33,32
2023-03-07 16:00:00,17,44,55,0,0,30,32,36
2023-03-07 17:00:00,15,19,58,0,0,29,31,34
2023-03-07 18:00:00,9,44,55,0,0,29,30,32
2023-03-07 19:00:00,11,19,58,0,0,28,29,28
2023-03-07 20:00:00,8,19,62,0,0,27,28,26
2023-03-07 21:00:00,9,44,70,0,0,26,26,23
2023-03-07 22:00:00,5,44,70,0,0,26,26,19
2023-03-07 23:00:00,8,19,74,0,0,25,25,15
2023-03-08 00:00:00,5,44,74,0,0,25,25,11
2023-03-08 01:00:00,5,44,74,0,0,25,25,9
2023-03-08 02:00:00,2,44,78,0,0,24,24,13
2023-03-08 03:00:00,0,44,74,0,0,24,24,12
2023-03-08 04:00:00,0,44,78,0,0,24,24,12
2023-03-08 05:00:00,0,19,78,0,0,24,24,13
2023-03-08 06:00:00,4,19,78,0,0,24,24,16
2023-03-08 07:00:00,2,44,78,0,0,24,24,19
2023-03-08 08:00:00,4,19,70,0,0,26,26,19
2023-03-08 09:00:00,5,19,70,0,0,27,29,18
2023-03-08 10:00:00,5,44,62,0,0,29,31,17
2023-03-08 11:00:00,11,75,66,0,0,28,30,16
2023-03-08 12:00:00,13,75,66,0,0,28,30,17
2023-03-08 13:00:00,11,44,62,0,0,29,31,18
2023-03-08 14:00:00,11,75,55,0,0,31,34,17
2023-03-08 15:00:00,5,44,59,0,0,31,36,20
2023-03-08 16:00:00,15,44,55,0,0,31,34,26
2023-03-08 17:00:00,15,44,59,0,0,30,33,29
2023-03-08 18:00:00,15,19,62,0,0,29,31,28
2023-03-08 19:00:00,9,19,75,0,0,27,27,17
2023-03-08 20:00:00,11,19,70,0,0,27,29,25
2023-03-08 21:00:00,11,44,74,0,0,26,26,22
2023-03-08 22:00:00,9,44,74,0,0,26,26,18
2023-03-08 23:00:00,11,44,74,0,0,26,26,15
2023-03-09 00:00:00,8,44,74,0,0,26,26,12
2023-03-09 01:00:00,5,44,78,0,0,25,25,15
2023-03-09 02:00:00,4,19,78,0,0,25,25,6
2023-03-09 03:00:00,0,19,78,0,0,24,24,5
2023-03-09 04:00:00,0,44,83,0,0,24,24,6
2023-03-09 05:00:00,0,19,83,0,0,24,24,9
2023-03-09 06:00:00,0,44,83,0,0,23,23,12
2023-03-09 07:00:00,4,44,83,0,0,24,24,14
2023-03-09 08:00:00,4,19,66,0,0,27,28,14
2023-03-09 09:00:00,9,12,70,0,0,27,29,13
2023-03-09 10:00:00,9,44,66,0,0,28,30,13
2023-03-09 11:00:00,4,44,63,0,0,29,32,10
2023-03-09 12:00:00,8,44,52,0,0,31,33,13
2023-03-09 13:00:00,15,19,52,0,0,32,35,15
2023-03-09 14:00:00,13,19,52,0,0,32,35,22
2023-03-09 15:00:00,10,19,63,0,0,32,37,16
2023-03-09 16:00:00,11,44,49,0,0,32,34,24
2023-03-09 17:00:00,13,44,55,0,0,31,34,26
2023-03-09 18:00:00,11,44,62,0,0,29,31,27
2023-03-09 19:00:00,11,44,66,0,0,28,30,26
2023-03-09 20:00:00,9,19,70,0,0,27,29,23
2023-03-09 21:00:00,11,19,58,0,0,27,28,20
2023-03-09 22:00:00,9,44,73,0,0,26,26,21
2023-03-09 23:00:00,8,75,70,0,0,26,26,16
2023-03-10 00:00:00,4,19,70,0,0,26,26,13
2023-03-10 01:00:00,5,44,75,0,0,25,25,12
2023-03-10 02:00:00,4,44,74,0,0,25,25,11
2023-03-10 03:00:00,4,19,78,0,0,25,25,13
2023-03-10 04:00:00,2,75,79,0,0,25,25,14
2023-03-10 05:00:00,4,44,83,0,0,24,24,14
2023-03-10 06:00:00,4,44,74,0,0,25,25,14
2023-03-10 07:00:00,4,75,74,0,0,25,25,15
2023-03-10 08:00:00,2,75,66,0,0,27,28,18
2023-03-10 09:00:00,8,75,62,0,0,28,30,21
2023-03-10 10:00:00,11,75,58,0,0,29,31,24
2023-03-10 11:00:00,9,75,62,0,0,29,31,29
2023-03-10 12:00:00,8,44,56,0,0,32,36,32
2023-03-10 13:00:00,8,100,66,0,0,28,30,31
2023-03-10 14:00:00,15,100,83,0,0,25,25,27
2023-03-10 15:00:00,11,75,62,0,0,29,31,27
2023-03-10 16:00:00,17,44,59,0,0,30,33,30
2023-03-10 17:00:00,11,44,62,0,0,29,31,31
2023-03-10 18:00:00,15,44,79,0,0,28,32,29
2023-03-10 19:00:00,13,44,66,0,0,27,28,28
2023-03-10 20:00:00,13,44,70,0,0,26,26,26
2023-03-10 21:00:00,13,44,70,0,0,26,26,25
2023-03-10 22:00:00,15,19,74,0,0,25,25,24
2023-03-10 23:00:00,11,44,69,0,0,25,25,23
2023-03-11 00:00:00,10,44,71,0,0,25,25,18
2023-03-11 01:00:00,9,19,69,0,0,25,25,20
2023-03-11 02:00:00,9,44,69,0,0,25,25,23
2023-03-11 03:00:00,9,19,78,0,0,23,23,21
2023-03-11 04:00:00,4,44,78,0,0,23,23,16
2023-03-11 05:00:00,3,44,78,0,0,23,23,13
2023-03-11 06:00:00,4,19,76,0,0,23,23,9
2023-03-11 07:00:00,4,19,74,0,0,24,24,10
2023-03-11 08:00:00,8,44,65,0,0,26,26,14
2023-03-11 09:00:00,5,19,62,0,0,27,28,19
2023-03-11 10:00:00,8,44,52,0,0,29,30,20
2023-03-11 11:00:00,11,19,55,0,0,29,30,22
2023-03-11 12:00:00,5,19,52,0,0,30,31,25
2023-03-11 13:00:00,18,44,62,0,0,29,31,30
2023-03-11 14:00:00,17,44,55,0,0,31,34,27
2023-03-11 15:00:00,20,44,59,0,0,30,32,39
2023-03-11 16:00:00,15,44,62,0,0,29,31,30
2023-03-11 17:00:00,20,44,62,0,0,28,30,33
2023-03-11 18:00:00,13,19,66,0,0,27,28,34
2023-03-11 19:00:00,11,19,66,0,0,27,28,32
2023-03-11 20:00:00,11,19,70,0,0,26,26,29
2023-03-11 21:00:00,9,19,70,0,0,26,26,25
2023-03-11 22:00:00,9,19,74,0,0,25,25,23
2023-03-11 23:00:00,5,19,74,0,0,25,25,22
2023-03-12 00:00:00,8,44,74,0,0,25,25,18
2023-03-12 01:00:00,8,44,74,0,0,25,25,16
2023-03-12 02:00:00,4,44,83,0,0,23,23,9
2023-03-12 03:00:00,0,44,78,0,0,24,24,7
2023-03-12 04:00:00,2,44,83,0,0,23,23,8
2023-03-12 05:00:00,2,19,83,0,0,23,23,9
2023-03-12 06:00:00,0,44,88,0,0,22,22,11
2023-03-12 07:00:00,4,19,78,0,0,23,23,13
2023-03-12 08:00:00,4,44,66,0,0,27,28,11
2023-03-12 09:00:00,5,44,58,0,0,28,29,13
2023-03-12 10:00:00,8,44,55,0,0,29,30,14
2023-03-12 11:00:00,5,19,49,0,0,31,32,16
2023-03-12 12:00:00,15,44,58,0,0,29,31,17
2023-03-12 13:00:00,5,19,52,0,0,31,33,18
2023-03-12 14:00:00,11,44,55,0,0,31,34,23
2023-03-12 15:00:00,3,44,56,0,0,31,35,8
2023-03-12 16:00:00,13,44,49,0,0,31,32,27
2023-03-12 17:00:00,9,44,49,0,0,31,32,27
2023-03-12 18:00:00,8,44,55,0,0,30,32,28
2023-03-12 19:00:00,11,44,66,0,0,28,30,29
2023-03-12 20:00:00,8,19,58,0,0,28,29,28
2023-03-12 21:00:00,11,44,66,0,0,27,28,27
2023-03-12 22:00:00,11,19,74,0,0,26,26,26
2023-03-12 23:00:00,11,19,74,0,0,26,26,25
2023-03-13 00:00:00,13,44,74,0,0,26,26,24
2023-03-13 01:00:00,13,44,79,0,0,25,25,24
2023-03-13 02:00:00,9,75,74,0,0,26,26,25
2023-03-13 03:00:00,9,75,78,0,0,25,25,23
2023-03-13 04:00:00,9,75,78,0,0,25,25,22
2023-03-13 05:00:00,5,75,79,0,0,25,25,17
2023-03-13 06:00:00,8,75,83,0,0,24,24,11
2023-03-13 07:00:00,5,100,89,0,0,24,24,12
2023-03-13 08:00:00,5,100,83,0,0,25,25,14
2023-03-13 09:00:00,9,100,79,0,0,26,26,22
2023-03-13 10:00:00,11,75,70,0,0,27,29,24
2023-03-13 11:00:00,9,75,74,0,0,27,29,26
2023-03-13 12:00:00,9,75,62,0,0,30,33,31
2023-03-13 13:00:00,5,75,74,0,0,27,29,32
2023-03-13 14:00:00,4,75,76,0,0,27,27,13
2023-03-13 15:00:00,4,75,79,0,0,27,30,21
2023-03-13 16:00:00,5,44,66,0,0,29,32,28
2023-03-13 17:00:00,13,44,62,0,0,28,30,29
2023-03-13 18:00:00,15,44,74,0,0,26,26,29
2023-03-13 19:00:00,15,44,74,0,0,26,26,28
2023-03-13 20:00:00,15,44,78,0,0,25,25,27
2023-03-13 21:00:00,15,19,74,0,0,25,25,27
2023-03-13 22:00:00,15,75,78,0,0,25,25,29
2023-03-13 23:00:00,9,44,79,0,0,25,25,29
2023-03-14 00:00:00,5,75,74,0,0,25,25,26
2023-03-14 01:00:00,8,44,74,0,0,25,25,24
2023-03-14 02:00:00,9,19,69,0,0,25,25,18
2023-03-14 03:00:00,5,44,69,0,0,24,24,16
2023-03-14 04:00:00,5,44,74,0,0,24,24,15
2023-03-14 05:00:00,0,44,83,0,0,23,23,14
2023-03-14 06:00:00,0,44,83,0,0,23,23,14
2023-03-14 07:00:00,4,44,78,0,0,24,24,17
2023-03-14 08:00:00,5,44,62,0,0,27,28,17
2023-03-14 09:00:00,8,44,58,0,0,28,29,23
2023-03-14 10:00:00,9,19,52,0,0,30,31,28
2023-03-14 11:00:00,13,44,49,0,0,31,32,28
2023-03-14 12:00:00,15,19,52,0,0,31,33,26
2023-03-14 13:00:00,17,19,49,0,0,32,34,31
2023-03-14 14:00:00,17,19,55,0,0,31,34,32
2023-03-14 15:00:00,15,44,52,0,0,32,35,34
2023-03-14 16:00:00,18,44,49,0,0,31,32,40
2023-03-14 17:00:00,17,19,52,0,0,30,31,35
2023-03-14 18:00:00,15,44,62,0,0,28,30,32
2023-03-14 19:00:00,13,19,58,0,0,28,29,30
2023-03-14 20:00:00,11,44,66,0,0,27,28,26
2023-03-14 21:00:00,9,44,66,0,0,27,28,27
2023-03-14 22:00:00,8,44,70,0,0,26,26,27
2023-03-14 23:00:00,7,75,75,0,0,25,25,16
2023-03-15 00:00:00,7,75,76,0,0,26,26,13
2023-03-15 01:00:00,4,75,79,0,0,25,25,10
2023-03-15 02:00:00,4,44,79,0,0,25,25,9
2023-03-15 03:00:00,0,44,83,0,0,24,24,8
2023-03-15 04:00:00,2,44,83,0,0,24,24,4
2023-03-15 05:00:00,0,44,74,0,0,25,25,8
2023-03-15 06:00:00,4,44,74,0,0,25,25,10
2023-03-15 07:00:00,4,75,79,0,0,25,25,11
2023-03-15 08:00:00,4,19,70,0,0,27,29,16
2023-03-15 09:00:00,5,44,62,0,0,29,31,19
2023-03-15 10:00:00,9,44,59,0,0,30,33,19
2023-03-15 11:00:00,13,44,59,0,0,31,34,22
2023-03-15 12:00:00,15,44,56,0,0,32,36,23
2023-03-15 13:00:00,11,44,69,0,0,31,38,18
2023-03-15 14:00:00,20,44,59,0,0,31,35,20
2023-03-15 15:00:00,15,75,56,0,0,32,36,34
2023-03-15 16:00:00,18,75,56,0,0,32,36,22
2023-03-15 17:00:00,11,75,62,0,0,30,33,28
2023-03-15 18:00:00,9,75,59,0,0,30,33,27
2023-03-15 19:00:00,8,44,62,0,0,29,31,25
2023-03-15 20:00:00,8,75,66,0,0,28,30,22
2023-03-15 21:00:00,11,44,70,0,0,27,29,19
2023-03-15 22:00:00,9,44,70,0,0,27,29,17
2023-03-15 23:00:00,8,44,74,0,0,27,29,18
2023-03-16 00:00:00,8,19,74,0,0,27,29,15
2023-03-16 01:00:00,5,44,79,0,0,26,26,14
2023-03-16 02:00:00,4,19,74,0,0,26,26,15
2023-03-16 03:00:00,5,19,74,0,0,26,26,17
2023-03-16 04:00:00,4,19,78,0,0,25,25,18
2023-03-16 05:00:00,10,93,80,0,0,25,25,16
2023-03-16 06:00:00,0,19,78,0,0,25,25,14
2023-03-16 07:00:00,4,44,74,0,0,26,26,13
2023-03-16 08:00:00,7,98,71,0,0,27,29,14
2023-03-16 09:00:00,11,19,59,0,0,30,32,19
2023-03-16 10:00:00,11,19,55,0,0,31,34,26
2023-03-16 11:00:00,8,44,62,0,0,30,33,32
2023-03-16 12:00:00,13,44,49,0,0,33,36,36
2023-03-16 13:00:00,17,44,49,0,0,33,36,38
2023-03-16 14:00:00,17,44,49,0,0,33,36,32
2023-03-16 15:00:00,22,44,49,0,0,33,36,34
2023-03-16 16:00:00,20,44,52,0,0,32,35,34
2023-03-16 17:00:00,17,44,55,0,0,31,34,32
2023-03-16 18:00:00,9,44,55,0,0,30,32,29
2023-03-16 19:00:00,13,19,62,0,0,29,31,29
2023-03-16 20:00:00,13,44,66,0,0,28,30,28
2023-03-16 21:00:00,11,19,70,0,0,27,29,25
2023-03-16 22:00:00,11,44,70,0,0,27,29,23
2023-03-16 23:00:00,11,19,70,0,0,27,29,21
2023-03-17 00:00:00,9,19,70,0,0,27,29,21
2023-03-17 01:00:00,9,44,74,0,0,26,26,22
2023-03-17 02:00:00,8,44,74,0,0,26,26,15
2023-03-17 03:00:00,5,19,74,0,0,26,26,16
2023-03-17 04:00:00,4,19,74,0,0,26,26,14
2023-03-17 05:00:00,4,75,79,0,0,26,26,12
2023-03-17 06:00:00,5,75,74,0,0,26,26,12
2023-03-17 07:00:00,5,44,74,0,0,27,29,13
2023-03-17 08:00:00,9,19,66,0,0,28,30,17
2023-03-17 09:00:00,15,44,66,0,0,29,32,20
2023-03-17 10:00:00,13,75,66,0,0,29,32,23
2023-03-17 11:00:00,13,44,56,0,0,32,36,28
2023-03-17 12:00:00,15,75,59,0,0,31,34,31
2023-03-17 13:00:00,20,44,56,0,0,32,36,32
2023-03-17 14:00:00,17,19,56,0,0,32,36,35
2023-03-17 15:00:00,15,44,59,0,0,32,37,27
2023-03-17 16:00:00,17,44,56,0,0,32,36,32
2023-03-17 17:00:00,18,44,62,0,0,30,33,35
2023-03-17 18:00:00,15,19,66,0,0,29,32,33
2023-03-17 19:00:00,15,44,66,0,0,28,30,29
2023-03-17 20:00:00,9,44,66,0,0,28,30,24
2023-03-17 21:00:00,13,44,70,0,0,27,29,20
2023-03-17 22:00:00,9,19,70,0,0,27,29,20
2023-03-17 23:00:00,13,19,70,0,0,27,29,21
2023-03-18 00:00:00,11,19,70,0,0,27,29,20
2023-03-18 01:00:00,7,44,74,0,0,26,26,16
2023-03-18 02:00:00,5,44,74,0,0,26,26,13
2023-03-18 03:00:00,2,19,77,0,0,25,25,4
2023-03-18 04:00:00,0,44,74,0,0,25,25,9
2023-03-18 05:00:00,4,19,78,0,0,25,25,11
2023-03-18 06:00:00,2,19,78,0,0,25,25,14
2023-03-18 07:00:00,4,19,74,0,0,26,26,15
2023-03-18 08:00:00,5,19,70,0,0,28,31,14
2023-03-18 09:00:00,5,19,62,0,0,29,31,15
2023-03-18 10:00:00,9,44,55,0,0,31,34,16
2023-03-18 11:00:00,11,44,59,0,0,31,35,22
2023-03-18 12:00:00,11,44,56,0,0,32,36,31
2023-03-18 13:00:00,11,44,53,0,0,33,37,42
2023-03-18 14:00:00,13,44,53,0,0,33,37,38
2023-03-18 15:00:00,17,44,56,0,0,33,38,35
2023-03-18 16:00:00,18,19,59,0,0,32,37,39
2023-03-18 17:00:00,15,19,59,0,0,31,34,38
2023-03-18 18:00:00,13,44,66,0,0,29,32,36
2023-03-18 19:00:00,13,75,70,0,0,28,31,36
2023-03-18 20:00:00,17,44,66,0,0,28,30,34
2023-03-18 21:00:00,13,19,70,0,0,27,29,29
2023-03-18 22:00:00,9,44,70,0,0,27,29,24
2023-03-21 23:00:00,11,19,74,0,0,27,29,26
2023-03-22 00:00:00,8,19,70,0,0,27,29,26
2023-03-22 01:00:00,9,44,74,0,0,26,26,24
2023-03-22 02:00:00,8,44,74,0,0,26,26,22
2023-03-22 03:00:00,8,44,74,0,0,26,26,20
2023-03-22 04:00:00,8,44,79,0,0,25,25,19
2023-03-22 05:00:00,5,19,78,0,0,25,25,17
2023-03-22 06:00:00,5,19,74,0,0,25,25,18
2023-03-22 07:00:00,8,19,70,0,0,26,26,21
2023-03-22 08:00:00,11,19,66,0,0,28,30,24
2023-03-22 09:00:00,13,19,62,0,0,30,32,27
2023-03-22 10:00:00,15,19,59,0,0,31,35,30
2023-03-22 11:00:00,13,44,56,0,0,32,36,31
2023-03-22 12:00:00,15,44,53,0,0,33,37,32
2023-03-22 13:00:00,15,19,50,0,0,34,38,32
2023-03-22 14:00:00,13,44,53,0,0,33,37,31
2023-03-22 15:00:00,13,19,52,0,0,33,37,29
2023-03-22 16:00:00,14,19,52,0,0,33,37,27
2023-03-22 17:00:00,15,19,53,0,0,33,37,25
2023-03-22 18:00:00,11,0,56,0,0,32,36,24
2023-03-22 19:00:00,9,44,62,0,0,30,33,26
2023-03-22 20:00:00,9,44,70,0,0,29,33,27
2023-03-22 21:00:00,11,44,74,0,0,28,31,28
2023-03-22 22:00:00,8,19,79,0,0,28,32,28
2023-03-22 23:00:00,11,44,74,0,0,28,31,25
2023-03-23 23:00:00,11,44,74,0,0,28,31,27
2023-03-24 00:00:00,11,44,74,0,0,28,31,31
2023-03-24 01:00:00,9,44,74,0,0,28,31,22
2023-03-24 02:00:00,9,19,79,0,0,27,30,21
2023-03-24 03:00:00,9,44,79,0,0,27,30,17
2023-03-24 04:00:00,5,44,70,0,0,27,29,14
2023-03-24 05:00:00,4,44,70,0,0,27,29,13
2023-03-24 06:00:00,1,19,77,0,0,26,26,7
2023-03-24 07:00:00,4,44,70,0,0,28,31,15
2023-03-24 08:00:00,5,19,66,0,0,30,34,19
2023-03-24 09:00:00,8,19,66,0,0,30,34,25
2023-03-24 10:00:00,9,44,59,0,0,32,37,31
2023-03-24 11:00:00,11,19,56,0,0,34,41,37
2023-03-24 12:00:00,13,19,56,0,0,34,41,40
2023-03-24 13:00:00,15,44,53,0,0,35,42,38
2023-03-24 14:00:00,20,19,56,0,0,34,41,37
2023-03-24 15:00:00,18,44,56,0,0,34,41,37
2023-03-24 16:00:00,15,19,100,0,0,34,66,30
2023-03-24 17:00:00,17,44,59,0,0,33,39,31
2023-03-24 18:00:00,15,44,63,0,0,32,38,28
2023-03-24 19:00:00,13,19,72,0,0,30,37,26
2023-03-24 20:00:00,9,19,70,0,0,30,35,25
2023-03-24 21:00:00,11,19,70,0,0,30,35,25
2023-03-24 22:00:00,11,44,75,0,0,29,34,26
2023-03-24 23:00:00,11,44,75,0,0,29,34,26
2023-03-24 23:00:00,11,44,75,0,0,29,34,26
2023-03-25 00:00:00,11,44,75,0,0,29,34,27
2023-03-25 00:00:00,11,44,75,0,0,29,34,27
2023-03-25 01:00:00,11,19,74,0,0,29,33,27
2023-03-25 01:00:00,11,19,74,0,0,29,33,27
2023-03-25 02:00:00,13,44,75,0,0,29,34,25
2023-03-25 02:00:00,13,44,75,0,0,29,34,25
2023-03-25 03:00:00,11,19,79,0,0,28,32,26
2023-03-25 03:00:00,11,19,79,0,0,28,32,26
2023-03-25 04:00:00,5,19,79,0,0,28,32,27
2023-03-25 04:00:00,5,19,79,0,0,28,32,27
2023-03-25 05:00:00,5,44,79,0,0,28,32,26
2023-03-25 05:00:00,5,44,79,0,0,28,32,26
2023-03-25 06:00:00,8,44,79,0,0,28,32,26
2023-03-25 06:00:00,8,44,79,0,0,28,32,26
2023-03-25 07:00:00,8,19,74,0,0,29,33,27
2023-03-25 07:00:00,8,19,74,0,0,29,33,27
2023-03-25 08:00:00,11,44,70,0,0,30,35,28
2023-03-25 08:00:00,11,44,70,0,0,30,35,28
2023-03-25 09:00:00,13,44,68,0,0,31,37,31
2023-03-25 09:00:00,13,44,68,0,0,31,37,31
2023-03-25 10:00:00,15,44,67,0,0,32,39,34
2023-03-25 10:00:00,15,44,67,0,0,32,39,34
2023-03-25 11:00:00,13,44,63,0,0,33,41,34
2023-03-25 11:00:00,13,44,63,0,0,33,41,34
2023-03-25 12:00:00,17,44,53,0,0,34,39,34
2023-03-25 12:00:00,17,44,53,0,0,34,39,34
2023-03-25 13:00:00,18,44,53,0,0,34,39,32
2023-03-25 13:00:00,18,44,53,0,0,34,39,32
2023-03-25 14:00:00,20,44,53,0,0,34,39,35
2023-03-25 14:00:00,20,44,53,0,0,34,39,35
2023-03-25 15:00:00,17,44,53,0,0,34,39,37
2023-03-25 15:00:00,17,44,53,0,0,34,39,37
2023-03-25 16:00:00,20,19,53,0,0,34,39,37
2023-03-25 16:00:00,20,19,53,0,0,34,39,37
2023-03-25 17:00:00,17,19,52,0,0,33,37,34
2023-03-25 17:00:00,17,19,52,0,0,33,37,34
2023-03-25 18:00:00,13,44,56,0,0,32,36,31
2023-03-25 18:00:00,13,44,56,0,0,32,36,31
2023-03-25 19:00:00,12,32,61,0,0,31,35,30
2023-03-25 19:00:00,12,32,61,0,0,31,35,30
2023-03-25 20:00:00,11,19,66,0,0,30,34,28
2023-03-25 20:00:00,11,19,66,0,0,30,34,28
2023-03-25 21:00:00,15,44,70,0,0,29,33,27
2023-03-25 21:00:00,15,44,70,0,0,29,33,27
2023-03-25 22:00:00,15,44,100,0,0,23,23,27
2023-03-25 22:00:00,15,44,100,0,0,23,23,27
2023-03-25 23:00:00,17,44,74,0,0,28,31,26
2023-03-26 00:00:00,11,44,79,0,0,28,32,23
2023-03-26 01:00:00,9,19,74,0,0,28,31,21
2023-03-26 02:00:00,9,19,74,0,0,28,31,22
2023-03-26 03:00:00,5,19,79,0,0,27,30,21
2023-03-26 04:00:00,4,19,79,0,0,27,30,20
2023-03-26 05:00:00,0,19,79,0,0,26,26,19
2023-03-26 06:00:00,4,19,79,0,0,26,26,22
2023-03-26 07:00:00,8,19,74,0,0,28,31,25
2023-03-26 08:00:00,8,44,62,0,0,30,33,24
2023-03-26 09:00:00,8,19,62,0,0,30,33,22
2023-03-26 10:00:00,11,44,63,0,0,31,36,20
2023-03-26 11:00:00,11,44,53,0,0,33,37,19
2023-03-26 12:00:00,11,19,50,0,0,34,38,20
2023-03-26 13:00:00,13,44,47,0,0,35,40,27
2023-03-26 14:00:00,13,44,53,0,0,34,39,31
2023-03-26 15:00:00,15,44,53,0,0,34,39,36
2023-03-26 16:00:00,13,19,56,0,0,33,38,37
2023-03-26 17:00:00,17,44,63,0,0,32,38,34
2023-03-26 18:00:00,13,19,66,0,0,31,36,32
2023-03-26 19:00:00,9,19,70,0,0,30,35,31
2023-03-26 20:00:00,9,19,70,0,0,30,34,29
2023-03-26 21:00:00,9,19,70,0,0,29,33,27
2023-03-26 22:00:00,8,44,66,0,0,29,32,23
2023-03-26 23:00:00,9,44,70,0,0,29,33,20
2023-03-27 00:00:00,9,75,74,0,0,28,31,18
2023-03-27 01:00:00,5,44,74,0,0,28,31,17
2023-03-27 02:00:00,5,44,79,0,0,27,30,19
2023-03-27 03:00:00,4,44,74,0,0,27,29,18
2023-03-27 04:00:00,2,44,74,0,0,27,29,16
2023-03-27 05:00:00,5,19,74,0,0,27,29,15
2023-03-27 06:00:00,4,44,79,0,0,26,26,15
2023-03-27 07:00:00,4,44,74,0,0,27,29,17
2023-03-27 08:00:00,8,44,62,0,0,30,33,20
2023-03-27 09:00:00,9,19,55,0,0,31,34,24
2023-03-27 10:00:00,11,19,59,0,0,32,37,27
2023-03-27 11:00:00,17,44,56,0,0,33,38,31
2023-03-27 12:00:00,13,19,53,0,0,34,39,35
2023-03-27 13:00:00,20,44,53,0,0,34,39,37
2023-03-27 14:00:00,18,19,53,0,0,34,39,41
2023-03-27 15:00:00,22,44,56,0,0,33,38,40
2023-03-27 16:00:00,20,44,56,0,0,33,38,38
2023-03-27 17:00:00,17,19,59,0,0,32,37,35
2023-03-27 18:00:00,15,44,59,0,0,31,35,32
2023-03-27 19:00:00,13,19,62,0,0,30,33,30
2023-03-27 20:00:00,9,44,66,0,0,29,32,30
2023-03-27 21:00:00,11,19,66,0,0,29,32,28
2023-03-27 22:00:00,13,19,70,0,0,28,31,25
2023-03-27 23:00:00,11,44,70,0,0,28,31,21
2023-03-27 23:00:00,11,44,70,0,0,28,31,21
2023-03-28 00:00:00,9,19,70,0,0,28,31,17
2023-03-28 00:00:00,9,19,70,0,0,28,31,17
2023-03-28 01:00:00,8,19,74,0,0,27,29,13
2023-03-28 01:00:00,8,19,74,0,0,27,29,13
2023-03-28 02:00:00,4,44,74,0,0,27,29,9
2023-03-28 02:00:00,4,44,74,0,0,27,29,9
2023-03-28 03:00:00,4,44,74,0,0,27,29,11
2023-03-28 03:00:00,4,44,74,0,0,27,29,11
2023-03-28 04:00:00,0,44,76,0,0,26,26,0
2023-03-28 04:00:00,0,44,76,0,0,26,26,0
2023-03-28 05:00:00,1,19,79,0,0,26,26,1
2023-03-28 05:00:00,1,19,79,0,0,26,26,1
2023-03-28 06:00:00,2,44,74,0,0,26,26,14
2023-03-28 06:00:00,2,44,74,0,0,26,26,14
2023-03-28 07:00:00,4,44,70,0,0,28,31,13
2023-03-28 07:00:00,4,44,70,0,0,28,31,13
2023-03-28 08:00:00,2,44,62,0,0,29,31,12
2023-03-28 08:00:00,2,44,62,0,0,29,31,12
2023-03-28 09:00:00,9,44,55,0,0,31,34,14
2023-03-28 09:00:00,9,44,55,0,0,31,34,14
2023-03-28 10:00:00,5,44,56,0,0,32,36,16
2023-03-28 10:00:00,5,44,56,0,0,32,36,16
2023-03-28 11:00:00,9,19,52,0,0,33,37,22
2023-03-28 11:00:00,9,19,52,0,0,33,37,22
2023-03-28 12:00:00,11,44,50,0,0,34,38,29
2023-03-28 12:00:00,11,44,50,0,0,34,38,29
2023-03-28 13:00:00,15,44,47,0,0,35,40,32
2023-03-28 13:00:00,15,44,47,0,0,35,40,32
2023-03-28 14:00:00,17,44,53,0,0,34,39,32
2023-03-28 15:00:00,18,44,53,0,0,33,37,35
2023-03-28 16:00:00,18,44,52,0,0,32,35,35
2023-03-28 17:00:00,20,44,52,0,0,32,35,34
2023-03-28 18:00:00,15,19,66,0,0,30,34,30
2023-03-28 19:00:00,15,19,62,0,0,30,33,29
2023-03-28 20:00:00,13,44,66,0,0,29,32,29
2023-03-28 21:00:00,13,19,66,0,0,29,32,28
2023-03-28 22:00:00,15,44,70,0,0,28,31,26
2023-03-28 23:00:00,13,44,70,0,0,28,31,25
2023-03-28 23:00:00,13,44,70,0,0,28,31,25
2023-03-29 00:00:00,13,44,70,0,0,28,31,23
2023-03-29 01:00:00,13,44,74,0,0,27,29,21
2023-03-29 02:00:00,11,19,74,0,0,27,29,22
2023-03-29 03:00:00,8,44,74,0,0,27,29,21
2023-03-29 04:00:00,8,44,74,0,0,27,29,22
2023-03-29 05:00:00,8,44,79,0,0,26,26,22
2023-03-29 06:00:00,8,44,79,0,0,26,26,25
2023-03-29 07:00:00,8,75,74,0,0,27,29,25
2023-03-29 08:00:00,13,75,66,0,0,29,32,23
2023-03-29 09:00:00,9,75,59,0,0,31,35,19
2023-03-29 10:00:00,9,75,56,0,0,32,36,22
2023-03-29 11:00:00,11,75,53,0,0,33,37,28
2023-03-29 12:00:00,11,75,53,0,0,33,37,36
2023-03-29 13:00:00,17,75,53,0,0,33,37,40
2023-03-29 14:00:00,17,75,56,0,0,33,38,35
2023-03-29 15:00:00,15,75,53,0,0,34,39,37
2023-03-29 16:00:00,17,75,56,0,0,32,36,37
2023-03-29 17:00:00,17,75,59,0,0,31,35,35
2023-03-29 18:00:00,13,75,66,0,0,30,34,34
2023-03-29 19:00:00,13,44,66,0,0,29,32,32
2023-03-29 20:00:00,11,44,62,0,0,29,31,29
2023-03-29 21:00:00,9,19,66,0,0,28,30,27
2023-03-29 22:00:00,9,19,83,0,0,25,25,25
2023-03-29 23:00:00,9,19,70,0,0,28,31,20
2023-03-29 23:00:00,9,19,70,0,0,28,31,20
2023-03-30 00:00:00,9,44,66,0,0,28,30,13
2023-03-30 01:00:00,11,19,74,0,0,27,29,11
2023-03-30 02:00:00,8,44,70,0,0,27,29,8
2023-03-30 03:00:00,0,44,74,0,0,26,26,7
2023-03-30 04:00:00,2,44,74,0,0,26,26,5
2023-03-30 05:00:00,2,44,79,0,0,25,25,6
2023-03-30 06:00:00,0,44,74,0,0,25,25,9
2023-03-30 07:00:00,4,44,70,0,0,27,29,12
2023-03-30 08:00:00,4,19,59,0,0,30,33,14
2023-03-30 09:00:00,8,44,59,0,0,30,33,16
2023-03-30 10:00:00,9,44,55,0,0,31,34,17
2023-03-30 11:00:00,11,75,56,0,0,32,36,17
2023-03-30 12:00:00,11,75,53,0,0,34,39,20
2023-03-30 13:00:00,15,75,53,0,0,34,39,25
2023-03-30 14:00:00,15,75,53,0,0,34,39,20
2023-03-30 15:00:00,17,75,52,0,0,33,37,27
2023-03-30 16:00:00,15,75,59,0,0,33,39,30
2023-03-30 17:00:00,13,75,63,0,0,32,38,29
2023-03-30 18:00:00,13,75,66,0,0,31,36,29
2023-03-30 19:00:00,11,75,70,0,0,30,35,28
2023-03-30 20:00:00,13,75,74,0,0,29,33,27
2023-03-30 21:00:00,9,44,75,0,0,29,34,26
2023-03-30 22:00:00,11,44,75,0,0,29,34,24
2023-03-30 23:00:00,8,44,79,0,0,28,32,22
2023-03-30 23:00:00,8,44,79,0,0,28,32,22
2023-03-31 00:00:00,5,44,79,0,0,28,32,20
2023-03-31 01:00:00,5,44,74,0,0,28,31,15
2023-03-31 02:00:00,5,19,74,0,0,28,31,12
2023-03-31 03:00:00,5,19,74,0,0,28,31,10
2023-03-31 04:00:00,5,44,74,0,0,28,31,10
2023-03-31 05:00:00,2,44,79,0,0,27,30,9
2023-03-31 06:00:00,4,75,79,0,0,27,30,13
2023-03-31 07:00:00,4,19,79,0,0,28,32,17
2023-03-31 08:00:00,5,44,70,0,0,30,35,20
2023-03-31 09:00:00,5,44,63,0,0,31,36,21
2023-03-31 10:00:00,8,19,56,0,0,33,38,24
2023-03-31 11:00:00,8,44,56,0,0,34,41,26
2023-03-31 12:00:00,11,44,60,0,0,34,42,29
2023-03-31 13:00:00,13,44,56,0,0,34,41,31
2023-03-31 14:00:00,15,19,56,0,0,35,43,28
2023-03-31 15:00:00,35,44,59,0,0,32,36,35
2023-03-31 16:00:00,13,44,56,0,0,34,41,29
2023-03-31 17:00:00,13,44,56,0,0,33,38,25
2023-03-31 18:00:00,13,44,59,0,0,32,37,23
2023-03-31 19:00:00,11,44,66,0,0,31,36,23
2023-03-31 20:00:00,11,44,70,0,0,30,35,18
2023-03-31 21:00:00,8,44,74,0,0,29,33,15
2023-03-31 22:00:00,11,44,70,0,0,29,33,12
2023-03-31 23:00:00,9,44,70,0,0,29,33,9
